,interest,sp_index,unemp_rate,gdp,inflation,rent_index
1978-01-01,6.7,,6.4,2202.76,62.7,67.1
1978-01-08,,92.925,,,,
1978-01-15,,90.032,,,,
1978-01-22,,89.97,,,,
1978-01-29,,89.008,,,,
1978-02-05,6.78,89.654,6.3,,63.0,67.5
1978-02-12,,90.208,,,,
1978-02-19,,88.554,,,,
1978-02-26,,87.82,,,,
1978-03-05,6.79,87.34400000000001,6.3,,63.4,67.8
1978-03-12,,87.774,,,,
1978-03-19,,89.426,,,,
1978-03-26,,89.86,,,,
1978-04-02,6.89,89.326,6.1,2331.633,63.9,68.2
1978-04-09,,89.384,,,,
1978-04-16,,90.95,,,,
1978-04-23,,94.124,,,,
1978-04-30,,96.38399999999999,,,,
1978-05-07,7.36,96.728,6.0,,64.5,68.7
1978-05-14,,96.65599999999999,,,,
1978-05-21,,98.89,,,,
1978-05-28,,97.52000000000001,,,,
1978-06-04,7.6,97.3975,5.9,,65.0,69.1
1978-06-11,,100.106,,,,
1978-06-18,,98.872,,,,
1978-06-25,,96.42,,,,
1978-07-02,7.81,95.216,6.2,2395.053,65.5,69.4
1978-07-09,,94.6425,,,,
1978-07-16,,96.25399999999999,,,,
1978-07-23,,97.71000000000001,,,,
1978-07-30,,98.95599999999999,,,,
1978-08-06,8.04,102.338,5.9,,65.9,69.7
1978-08-13,,103.93599999999999,,,,
1978-08-20,,104.45599999999999,,,,
1978-08-27,,104.61800000000001,,,,
1978-09-03,8.45,103.56400000000001,6.0,,66.5,70.3
1978-09-10,,105.52,,,,
1978-09-17,,106.35,,,,
1978-09-24,,102.424,,,,
1978-10-01,8.96,102.128,5.8,2476.949,67.1,70.7
1978-10-08,,103.082,,,,
1978-10-15,,104.66400000000002,,,,
1978-10-22,,100.328,,,,
1978-10-29,,96.72,,,,
1978-11-05,9.76,95.36800000000001,5.9,,67.5,71.2
1978-11-12,,94.536,,,,
1978-11-19,,93.292,,,,
1978-11-26,,95.38250000000001,,,,
1978-12-03,10.03,95.054,6.0,,67.9,71.6
1978-12-10,,96.958,,,,
1978-12-17,,96.226,,,,
1978-12-24,,94.676,,,,
1978-12-31,,96.6425,,,,
1979-01-07,10.07,98.06,5.9,2526.61,68.5,71.9
1979-01-14,,99.186,,,,
1979-01-21,,99.8,,,,
1979-01-28,,100.74199999999999,,,,
1979-02-04,10.06,100.398,5.9,,69.2,72.2
1979-02-11,,97.764,,,,
1979-02-18,,98.68,,,,
1979-02-25,,98.65,,,,
1979-03-04,10.09,96.78999999999999,5.8,,69.9,72.4
1979-03-11,,98.69800000000001,,,,
1979-03-18,,99.954,,,,
1979-03-25,,101.216,,,,
1979-04-01,10.01,101.834,5.8,2591.247,70.6,72.7
1979-04-08,,102.478,,,,
1979-04-15,,102.63,,,,
1979-04-22,,101.314,,,,
1979-04-29,,102.01599999999999,,,,
1979-05-06,10.24,101.53,5.6,,71.4,73.4
1979-05-13,,98.938,,,,
1979-05-20,,98.898,,,,
1979-05-27,,100.136,,,,
1979-06-03,10.29,99.35249999999999,5.7,,72.2,73.8
1979-06-10,,100.704,,,,
1979-06-17,,102.272,,,,
1979-06-24,,101.9,,,,
1979-07-01,10.47,102.346,5.7,2667.565,73.0,74.3
1979-07-08,,102.5325,,,,
1979-07-15,,103.46399999999998,,,,
1979-07-22,,101.938,,,,
1979-07-29,,102.56800000000001,,,,
1979-08-05,10.94,103.854,6.0,,73.7,75.0
1979-08-12,,105.56400000000001,,,,
1979-08-19,,107.91600000000001,,,,
1979-08-26,,108.792,,,,
1979-09-02,11.43,109.104,5.9,,74.4,75.6
1979-09-09,,107.0325,,,,
1979-09-16,,108.022,,,,
1979-09-23,,109.22,,,,
1979-09-30,,109.756,,,,
1979-10-07,13.77,109.83600000000001,6.0,2723.883,75.2,76.6
1979-10-14,,106.27000000000001,,,,
1979-10-21,,103.03,,,,
1979-10-28,,100.4,,,,
1979-11-04,13.18,102.056,5.9,,76.0,76.9
1979-11-11,,100.94,,,,
1979-11-18,,103.55199999999999,,,,
1979-11-25,,104.12,,,,
1979-12-02,13.78,106.63499999999999,6.0,,76.9,77.3
1979-12-09,,107.078,,,,
1979-12-16,,107.854,,,,
1979-12-23,,108.33600000000001,,,,
1979-12-30,,107.865,,,,
1980-01-06,13.82,106.36,6.3,2789.842,78.0,77.8
1980-01-13,,108.924,,,,
1980-01-20,,110.86800000000001,,,,
1980-01-27,,112.872,,,,
1980-02-03,14.13,114.872,6.3,,79.0,78.4
1980-02-10,,115.796,,,,
1980-02-17,,117.11800000000001,,,,
1980-02-24,,115.3475,,,,
1980-03-02,17.19,113.14000000000001,6.3,,80.1,78.8
1980-03-09,,110.39200000000001,,,,
1980-03-16,,106.44200000000001,,,,
1980-03-23,,103.22,,,,
1980-03-30,,99.21000000000001,,,,
1980-04-06,17.61,102.275,6.9,2797.352,80.9,79.0
1980-04-13,,102.474,,,,
1980-04-20,,101.72200000000001,,,,
1980-04-27,,103.304,,,,
1980-05-04,10.98,105.766,7.5,,81.7,79.8
1980-05-11,,106.13199999999999,,,,
1980-05-18,,106.454,,,,
1980-05-25,,108.52799999999999,,,,
1980-06-01,9.47,111.2425,7.6,,82.5,80.7
1980-06-08,,111.97200000000001,,,,
1980-06-15,,115.144,,,,
1980-06-22,,115.42,,,,
1980-06-29,,115.71199999999999,,,,
1980-07-06,9.03,115.5775,7.8,2856.483,82.6,81.1
1980-07-13,,117.78,,,,
1980-07-20,,120.484,,,,
1980-07-27,,121.84,,,,
1980-08-03,9.61,121.78800000000001,7.7,,83.2,81.6
1980-08-10,,122.03599999999999,,,,
1980-08-17,,124.56400000000001,,,,
1980-08-24,,124.248,,,,
1980-08-31,,123.596,,,,
1980-09-07,10.87,125.03999999999999,7.5,,83.9,82.4
1980-09-14,,124.678,,,,
1980-09-21,,127.78600000000002,,,,
1980-09-28,,129.054,,,,
1980-10-05,12.81,126.71,7.5,2985.557,84.7,83.3
1980-10-12,,131.142,,,,
1980-10-19,,132.298,,,,
1980-10-26,,131.15,,,,
1980-11-02,15.85,127.52000000000001,7.5,,85.6,83.8
1980-11-09,,129.615,,,,
1980-11-16,,133.794,,,,
1980-11-23,,139.204,,,,
1980-11-30,,139.5825,,,,
1980-12-07,18.9,136.28,7.2,,86.4,84.3
1980-12-14,,129.18800000000002,,,,
1980-12-21,,131.928,,,,
1980-12-28,,135.8825,,,,
1981-01-04,19.08,135.615,7.5,3124.206,87.2,84.9
1981-01-11,,135.542,,,,
1981-01-18,,133.85399999999998,,,,
1981-01-25,,131.574,,,,
1981-02-01,15.93,130.21800000000002,7.4,,88.0,85.3
1981-02-08,,128.83800000000002,,,,
1981-02-15,,128.24200000000002,,,,
1981-02-22,,127.37,,,,
1981-03-01,14.7,128.926,7.4,,88.6,85.8
1981-03-08,,130.642,,,,
1981-03-15,,131.566,,,,
1981-03-22,,134.072,,,,
1981-03-29,,135.678,,,,
1981-04-05,15.72,135.732,7.2,3162.532,89.1,86.3
1981-04-12,,134.266,,,,
1981-04-19,,133.675,,,,
1981-04-26,,134.57999999999998,,,,
1981-05-03,18.52,133.69,7.5,,89.7,87.0
1981-05-10,,131.01999999999998,,,,
1981-05-17,,130.88600000000002,,,,
1981-05-24,,131.942,,,,
1981-05-31,,133.145,,,,
1981-06-07,19.1,131.38400000000001,7.5,,90.5,87.4
1981-06-14,,132.754,,,,
1981-06-21,,132.598,,,,
1981-06-28,,132.666,,,,
1981-07-05,19.04,130.3775,7.2,3260.609,91.5,87.8
1981-07-12,,128.52,,,,
1981-07-19,,130.124,,,,
1981-07-26,,128.01,,,,
1981-08-02,17.82,129.826,7.4,,92.2,88.8
1981-08-09,,131.744,,,,
1981-08-16,,133.158,,,,
1981-08-23,,130.348,,,,
1981-08-30,,124.636,,,,
1981-09-06,15.87,122.122,7.6,,93.1,89.5
1981-09-13,,119.5325,,,,
1981-09-20,,118.542,,,,
1981-09-27,,115.47,,,,
1981-10-04,15.08,116.81800000000001,7.9,3280.818,93.4,90.2
1981-10-11,,120.79400000000001,,,,
1981-10-18,,119.93799999999999,,,,
1981-10-25,,119.52000000000001,,,,
1981-11-01,13.31,119.57000000000001,8.3,,93.8,90.8
1981-11-08,,123.99000000000001,,,,
1981-11-15,,122.75399999999999,,,,
1981-11-22,,120.814,,,,
1981-11-29,,123.5625,,,,
1981-12-06,12.37,125.704,8.5,,94.1,91.5
1981-12-13,,125.226,,,,
1981-12-20,,123.06199999999998,,,,
1981-12-27,,122.7675,,,,
1982-01-03,13.22,122.19749999999999,8.6,3274.302,94.4,92.0
1982-01-10,,120.09,,,,
1982-01-17,,115.96600000000001,,,,
1982-01-24,,115.918,,,,
1982-01-31,,117.13199999999999,,,,
1982-02-07,14.78,117.19000000000001,8.9,,94.7,92.3
1982-02-14,,114.356,,,,
1982-02-21,,113.69749999999999,,,,
1982-02-28,,112.578,,,,
1982-03-07,14.68,111.226,9.0,,94.7,92.8
1982-03-14,,108.71,,,,
1982-03-21,,109.744,,,,
1982-03-28,,112.88799999999999,,,,
1982-04-04,14.94,113.08800000000001,9.3,3331.972,95.0,93.0
1982-04-11,,115.4425,,,,
1982-04-18,,116.196,,,,
1982-04-25,,116.73800000000001,,,,
1982-05-02,14.45,117.418,9.4,,95.9,93.7
1982-05-09,,118.018,,,,
1982-05-16,,118.64000000000001,,,,
1982-05-23,,115.38399999999999,,,,
1982-05-30,,113.36800000000001,,,,
1982-06-06,14.15,111.4175,9.6,,97.0,94.0
1982-06-13,,109.918,,,,
1982-06-20,,108.67999999999999,,,,
1982-06-27,,108.922,,,,
1982-07-04,12.59,109.28800000000001,9.8,3366.322,97.5,95.0
1982-07-11,,107.7175,,,,
1982-07-18,,110.2,,,,
1982-07-25,,111.266,,,,
1982-08-01,10.12,108.46600000000001,9.8,,97.7,95.5
1982-08-08,,106.36399999999999,,,,
1982-08-15,,102.958,,,,
1982-08-22,,108.768,,,,
1982-08-29,,116.93800000000002,,,,
1982-09-05,10.31,119.676,10.1,,97.7,95.8
1982-09-12,,121.6275,,,,
1982-09-19,,123.19000000000001,,,,
1982-09-26,,123.702,,,,
1982-10-03,9.71,122.176,10.4,3402.561,98.1,96.7
1982-10-10,,125.864,,,,
1982-10-17,,134.752,,,,
1982-10-24,,138.086,,,,
1982-10-31,,134.076,,,,
1982-11-07,9.2,139.96800000000002,10.8,,98.0,97.2
1982-11-14,,141.182,,,,
1982-11-21,,137.148,,,,
1982-11-28,,133.9775,,,,
1982-12-05,8.95,137.794,10.8,,97.7,97.5
1982-12-12,,141.174,,,,
1982-12-19,,137.074,,,,
1982-12-26,,138.35500000000002,,,,
1983-01-02,8.68,141.032,10.4,3473.413,97.9,98.1
1983-01-09,,142.42000000000002,,,,
1983-01-16,,146.324,,,,
1983-01-23,,145.704,,,,
1983-01-30,,142.408,,,,
1983-02-06,8.51,144.378,10.4,,98.0,98.5
1983-02-13,,146.552,,,,
1983-02-20,,148.018,,,,
1983-02-27,,147.9025,,,,
1983-03-06,8.77,151.678,10.3,,98.1,98.7
1983-03-13,,152.168,,,,
1983-03-20,,150.296,,,,
1983-03-27,,152.14000000000001,,,,
1983-04-03,8.8,152.4475,10.2,3578.848,98.8,99.1
1983-04-10,,152.112,,,,
1983-04-17,,156.918,,,,
1983-04-24,,159.926,,,,
1983-05-01,8.63,161.886,10.1,,99.2,99.3
1983-05-08,,163.628,,,,
1983-05-15,,165.174,,,,
1983-05-22,,162.902,,,,
1983-05-29,,165.024,,,,
1983-06-05,8.98,163.33499999999998,10.1,,99.4,99.7
1983-06-12,,162.69400000000002,,,,
1983-06-19,,167.152,,,,
1983-06-26,,170.302,,,,
1983-07-03,9.37,167.56,9.4,3689.179,99.8,100.2
1983-07-10,,167.43,,,,
1983-07-17,,165.88,,,,
1983-07-24,,167.204,,,,
1983-07-31,,167.01399999999998,,,,
1983-08-07,9.56,162.112,9.5,,100.1,100.6
1983-08-14,,160.91199999999998,,,,
1983-08-21,,163.988,,,,
1983-08-28,,162.268,,,,
1983-09-04,9.45,163.62,9.2,,100.4,101.2
1983-09-11,,167.635,,,,
1983-09-18,,165.252,,,,
1983-09-25,,168.91,,,,
1983-10-02,9.48,167.962,8.8,3794.706,100.8,101.6
1983-10-09,,168.17800000000003,,,,
1983-10-16,,170.472,,,,
1983-10-23,,167.57999999999998,,,,
1983-10-30,,165.20999999999998,,,,
1983-11-06,9.34,163.584,8.5,,101.1,101.9
1983-11-13,,163.66799999999998,,,,
1983-11-20,,165.848,,,,
1983-11-27,,166.7575,,,,
1983-12-04,9.47,166.576,8.3,,101.4,102.2
1983-12-11,,165.488,,,,
1983-12-18,,163.58800000000002,,,,
1983-12-25,,162.874,,,,
1984-01-01,9.56,164.9725,8.0,3908.054,102.1,102.6
1984-01-08,,167.2275,,,,
1984-01-15,,167.882,,,,
1984-01-22,,167.162,,,,
1984-01-29,,164.76600000000002,,,,
1984-02-05,9.59,162.658,7.8,,102.6,102.9
1984-02-12,,156.878,,,,
1984-02-19,,155.936,,,,
1984-02-26,,155.1875,,,,
1984-03-04,9.91,158.122,7.8,,102.9,103.4
1984-03-11,,155.65,,,,
1984-03-18,,157.31400000000002,,,,
1984-03-25,,157.77,,,,
1984-04-01,10.29,158.51,7.7,4009.601,103.3,104.1
1984-04-08,,156.73999999999998,,,,
1984-04-15,,156.272,,,,
1984-04-22,,158.3025,,,,
1984-04-29,,158.74200000000002,,,,
1984-05-06,10.32,160.788,7.4,,103.5,104.4
1984-05-13,,159.71800000000002,,,,
1984-05-20,,157.168,,,,
1984-05-27,,152.922,,,,
1984-06-03,11.06,151.10750000000002,7.2,,103.7,104.9
1984-06-10,,154.618,,,,
1984-06-17,,151.35999999999999,,,,
1984-06-24,,153.632,,,,
1984-07-01,11.23,152.868,7.5,4084.25,104.1,105.5
1984-07-08,,152.975,,,,
1984-07-15,,151.544,,,,
1984-07-22,,151.06,,,,
1984-07-29,,149.374,,,,
1984-08-05,11.64,155.054,7.5,,104.4,106.1
1984-08-12,,163.60399999999998,,,,
1984-08-19,,164.112,,,,
1984-08-26,,166.892,,,,
1984-09-02,11.3,166.844,7.3,,104.7,106.6
1984-09-09,,164.7975,,,,
1984-09-16,,166.022,,,,
1984-09-23,,167.32,,,,
1984-09-30,,166.048,,,,
1984-10-07,9.99,163.25,7.4,4148.551,105.1,107.2
1984-10-14,,162.574,,,,
1984-10-21,,166.15,,,,
1984-10-28,,166.65,,,,
1984-11-04,9.43,166.524,7.2,,105.3,107.6
1984-11-11,,168.888,,,,
1984-11-18,,165.862,,,,
1984-11-25,,164.68,,,,
1984-12-02,8.38,164.87,7.3,,105.5,108.2
1984-12-09,,162.664,,,,
1984-12-16,,162.606,,,,
1984-12-23,,166.154,,,,
1984-12-30,,166.31,,,,
1985-01-06,8.35,165.215,7.3,4230.168,105.7,108.6
1985-01-13,,165.926,,,,
1985-01-20,,170.91199999999998,,,,
1985-01-27,,176.414,,,,
1985-02-03,8.5,178.846,7.2,,106.3,109.2
1985-02-10,,181.07999999999998,,,,
1985-02-17,,181.68599999999998,,,,
1985-02-24,,180.51500000000001,,,,
1985-03-03,8.58,181.10399999999998,7.2,,106.8,109.5
1985-03-10,,180.70999999999998,,,,
1985-03-17,,178.202,,,,
1985-03-24,,178.778,,,,
1985-03-31,,179.228,,,,
1985-04-07,8.27,179.985,7.3,4294.887,107.0,110.0
1985-04-14,,179.278,,,,
1985-04-21,,181.15,,,,
1985-04-28,,182.09,,,,
1985-05-05,7.97,179.584,7.2,,107.2,110.9
1985-05-12,,181.51399999999998,,,,
1985-05-19,,185.22,,,,
1985-05-26,,188.762,,,,
1985-06-02,7.53,188.21,7.4,,107.5,111.4
1985-06-09,,190.052,,,,
1985-06-16,,187.71800000000002,,,,
1985-06-23,,187.368,,,,
1985-06-30,,190.406,,,,
1985-07-07,7.88,192.1025,7.4,4386.773,107.7,111.9
1985-07-14,,192.316,,,,
1985-07-21,,194.52,,,,
1985-07-28,,192.58800000000002,,,,
1985-08-04,7.9,190.808,7.1,,107.9,112.6
1985-08-11,,188.7,,,,
1985-08-18,,187.14000000000001,,,,
1985-08-25,,187.63,,,,
1985-09-01,7.92,188.35999999999999,7.1,,108.1,113.1
1985-09-08,,187.6975,,,,
1985-09-15,,185.356,,,,
1985-09-22,,182.278,,,,
1985-09-29,,182.2175,,,,
1985-10-06,7.99,183.75799999999998,7.1,4444.094,108.5,114.0
1985-10-13,,182.66400000000002,,,,
1985-10-20,,187.026,,,,
1985-10-27,,188.022,,,,
1985-11-03,8.05,189.682,7.0,,109.0,114.8
1985-11-10,,192.544,,,,
1985-11-17,,197.926,,,,
1985-11-24,,199.85999999999999,,,,
1985-12-01,8.27,201.4325,7.0,,109.5,115.1
1985-12-08,,202.484,,,,
1985-12-15,,206.32399999999998,,,,
1985-12-22,,210.68800000000002,,,,
1985-12-29,,208.2425,,,,
1986-01-05,8.14,210.60750000000002,6.7,4507.894,109.9,115.5
1986-01-12,,208.898,,,,
1986-01-19,,207.844,,,,
1986-01-26,,205.498,,,,
1986-02-02,7.86,209.71999999999997,7.2,,109.7,115.6
1986-02-09,,213.548,,,,
1986-02-16,,217.058,,,,
1986-02-23,,222.2625,,,,
1986-03-02,7.48,225.17199999999997,7.2,,109.1,116.2
1986-03-09,,224.968,,,,
1986-03-16,,232.10399999999998,,,,
1986-03-23,,235.186,,,,
1986-03-30,,236.58,,,,
1986-04-06,6.99,234.18200000000002,7.1,4545.34,108.7,117.4
1986-04-13,,233.66199999999998,,,,
1986-04-20,,240.52799999999996,,,,
1986-04-27,,242.644,,,,
1986-05-04,6.85,237.81199999999998,7.2,,109.0,117.6
1986-05-11,,237.206,,,,
1986-05-18,,235.744,,,,
1986-05-25,,237.246,,,,
1986-06-01,6.92,246.6775,7.2,,109.4,118.0
1986-06-08,,245.16199999999998,,,,
1986-06-15,,241.57800000000003,,,,
1986-06-22,,245.498,,,,
1986-06-29,,247.91199999999998,,,,
1986-07-06,6.56,251.8425,7.0,4607.669,109.5,118.8
1986-07-13,,242.738,,,,
1986-07-20,,235.842,,,,
1986-07-27,,238.252,,,,
1986-08-03,6.17,235.63600000000002,6.9,,109.6,119.0
1986-08-10,,236.756,,,,
1986-08-17,,244.618,,,,
1986-08-24,,248.704,,,,
1986-08-31,,251.94400000000002,,,,
1986-09-07,5.89,250.72500000000002,7.0,,110.0,119.6
1986-09-14,,241.744,,,,
1986-09-21,,231.97200000000004,,,,
1986-09-28,,234.18800000000002,,,,
1986-10-05,5.85,232.49200000000002,7.0,4657.627,110.2,120.2
1986-10-12,,235.44,,,,
1986-10-19,,237.69,,,,
1986-10-26,,237.13000000000002,,,,
1986-11-02,6.04,241.33200000000002,6.9,,110.4,120.6
1986-11-09,,246.044,,,,
1986-11-16,,245.474,,,,
1986-11-23,,241.112,,,,
1986-11-30,,248.4025,,,,
1986-12-07,6.91,252.22199999999998,6.6,,110.8,120.8
1986-12-14,,249.38400000000001,,,,
1986-12-21,,248.464,,,,
1986-12-28,,247.19,,,,
1987-01-04,6.43,244.165,6.6,4722.156,111.4,121.3
1987-01-11,,255.26400000000004,,,,
1987-01-18,,262.93199999999996,,,,
1987-01-25,,270.046,,,,
1987-02-01,6.1,273.416,6.6,,111.8,121.7
1987-02-08,,278.656,,,,
1987-02-15,,277.218,,,,
1987-02-22,,285.49,,,,
1987-03-01,6.13,283.284,6.6,,112.2,121.8
1987-03-08,,287.384,,,,
1987-03-15,,290.116,,,,
1987-03-22,,293.146,,,,
1987-03-29,,300.048,,,,
1987-04-05,6.37,293.466,6.3,4806.16,112.7,122.0
1987-04-12,,296.25,,,,
1987-04-19,,284.0325,,,,
1987-04-26,,286.938,,,,
1987-05-03,6.85,285.06,6.3,,113.0,122.3
1987-05-10,,293.54200000000003,,,,
1987-05-17,,292.104,,,,
1987-05-24,,281.36199999999997,,,,
1987-05-31,,289.675,,,,
1987-06-07,6.73,292.06,6.2,,113.5,122.3
1987-06-14,,298.36400000000003,,,,
1987-06-21,,305.07399999999996,,,,
1987-06-28,,308.212,,,,
1987-07-05,6.58,305.1175,6.1,4884.555,113.8,123.0
1987-07-12,,307.3,,,,
1987-07-19,,311.204,,,,
1987-07-26,,309.098,,,,
1987-08-02,6.73,315.068,6.0,,114.3,123.8
1987-08-09,,319.46799999999996,,,,
1987-08-16,,332.472,,,,
1987-08-23,,332.78599999999994,,,,
1987-08-30,,332.618,,,,
1987-09-06,7.22,322.358,5.9,,114.7,124.4
1987-09-13,,316.64750000000004,,,,
1987-09-20,,317.094,,,,
1987-09-27,,318.22200000000004,,,,
1987-10-04,7.29,324.424,6.0,5007.994,115.0,124.8
1987-10-11,,318.21400000000006,,,,
1987-10-18,,301.98400000000004,,,,
1987-10-25,,243.304,,,,
1987-11-01,6.69,238.14000000000001,5.8,,115.4,124.8
1987-11-08,,252.084,,,,
1987-11-15,,243.64600000000002,,,,
1987-11-22,,243.48000000000002,,,,
1987-11-29,,243.45499999999998,,,,
1987-12-06,6.77,228.97600000000003,5.7,,115.6,125.6
1987-12-13,,234.29000000000002,,,,
1987-12-20,,245.042,,,,
1987-12-27,,251.1675,,,,
1988-01-03,6.83,246.275,5.7,5073.372,116.0,126.0
1988-01-10,,255.586,,,,
1988-01-17,,247.33,,,,
1988-01-24,,246.69400000000002,,,,
1988-01-31,,252.296,,,,
1988-02-07,6.58,253.198,5.7,,116.2,126.3
1988-02-14,,254.212,,,,
1988-02-21,,259.64,,,,
1988-02-28,,263.82599999999996,,,,
1988-03-06,6.58,267.64,5.7,,116.5,126.4
1988-03-13,,266.93,,,,
1988-03-20,,268.698,,,,
1988-03-27,,265.66999999999996,,,,
1988-04-03,6.87,258.7725,5.4,5190.036,117.2,126.6
1988-04-10,,263.136,,,,
1988-04-17,,266.52,,,,
1988-04-24,,257.964,,,,
1988-05-01,7.09,262.826,5.6,,117.5,126.9
1988-05-08,,260.23,,,,
1988-05-15,,255.61999999999998,,,,
1988-05-22,,254.208,,,,
1988-05-29,,253.23000000000002,,,,
1988-06-05,7.51,265.1575,5.4,,118.0,127.3
1988-06-12,,269.04,,,,
1988-06-19,,272.12600000000003,,,,
1988-06-26,,272.974,,,,
1988-07-03,7.75,271.526,5.4,5282.835,118.5,127.8
1988-07-10,,272.40749999999997,,,,
1988-07-17,,270.006,,,,
1988-07-24,,267.82800000000003,,,,
1988-07-31,,266.082,,,,
1988-08-07,8.01,272.066,5.6,,119.0,128.4
1988-08-14,,264.73400000000004,,,,
1988-08-21,,260.258,,,,
1988-08-28,,258.812,,,,
1988-09-04,8.19,261.838,5.4,,119.5,129.1
1988-09-11,,266.04499999999996,,,,
1988-09-18,,268.398,,,,
1988-09-25,,269.53000000000003,,,,
1988-10-02,8.3,270.144,5.4,5399.509,119.9,129.4
1988-10-09,,272.864,,,,
1988-10-16,,276.17400000000004,,,,
1988-10-23,,279.86,,,,
1988-10-30,,280.37,,,,
1988-11-06,8.35,278.52,5.3,,120.3,129.8
1988-11-13,,272.804,,,,
1988-11-20,,266.19,,,,
1988-11-27,,267.415,,,,
1988-12-04,8.76,271.51,5.3,,120.7,130.1
1988-12-11,,276.85,,,,
1988-12-18,,275.742,,,,
1988-12-25,,277.7,,,,
1989-01-01,9.12,277.7575,5.4,5511.253,121.2,130.5
1989-01-08,,278.855,,,,
1989-01-15,,282.082,,,,
1989-01-22,,285.55,,,,
1989-01-29,,289.52799999999996,,,,
1989-02-05,9.36,296.672,5.2,,121.6,130.9
1989-02-12,,296.48,,,,
1989-02-19,,294.03200000000004,,,,
1989-02-26,,291.51750000000004,,,,
1989-03-05,9.85,288.98400000000004,5.0,,122.2,131.1
1989-03-12,,293.914,,,,
1989-03-19,,295.852,,,,
1989-03-26,,290.18,,,,
1989-04-02,9.84,292.38,5.2,5612.463,123.1,131.4
1989-04-09,,296.07800000000003,,,,
1989-04-16,,298.46999999999997,,,,
1989-04-23,,306.13800000000003,,,,
1989-04-30,,308.318,,,,
1989-05-07,9.81,308.156,5.2,,123.7,131.7
1989-05-14,,307.556,,,,
1989-05-21,,317.62600000000003,,,,
1989-05-28,,320.04,,,,
1989-06-04,9.53,321.765,5.3,,124.1,132.3
1989-06-11,,325.332,,,,
1989-06-18,,322.982,,,,
1989-06-25,,322.788,,,,
1989-07-02,9.24,323.702,5.2,5695.365,124.5,133.0
1989-07-09,,321.5825,,,,
1989-07-16,,329.48999999999995,,,,
1989-07-23,,333.786,,,,
1989-07-30,,337.948,,,,
1989-08-06,8.99,344.566,5.2,,124.5,133.5
1989-08-13,,347.738,,,,
1989-08-20,,344.782,,,,
1989-08-27,,345.71999999999997,,,,
1989-09-03,9.02,351.552,5.3,,124.8,133.9
1989-09-10,,349.7275,,,,
1989-09-17,,346.008,,,,
1989-09-24,,346.5,,,,
1989-10-01,8.84,346.28200000000004,5.3,5747.237,125.4,134.7
1989-10-08,,355.654,,,,
1989-10-15,,352.992,,,,
1989-10-22,,344.012,,,,
1989-10-29,,340.804,,,,
1989-11-05,8.55,338.546,5.4,,125.9,135.2
1989-11-12,,336.248,,,,
1989-11-19,,340.054,,,,
1989-11-26,,341.20500000000004,,,,
1989-12-03,8.45,346.32,5.4,,126.3,135.5
1989-12-10,,349.164,,,,
1989-12-17,,350.822,,,,
1989-12-24,,344.238,,,,
1989-12-31,,349.9225,,,,
1990-01-07,8.23,356.58,5.4,5872.701,127.5,135.8
1990-01-14,,347.836,,,,
1990-01-21,,338.498,,,,
1990-01-28,,328.826,,,,
1990-02-04,8.24,327.394,5.3,,128.0,136.0
1990-02-11,,332.36800000000005,,,,
1990-02-18,,332.144,,,,
1990-02-25,,326.3775,,,,
1990-03-04,8.28,331.82,5.2,,128.6,136.5
1990-03-11,,337.364,,,,
1990-03-18,,338.304,,,,
1990-03-25,,339.55,,,,
1990-04-01,8.26,340.372,5.4,5960.028,128.9,137.0
1990-04-08,,340.848,,,,
1990-04-15,,342.425,,,,
1990-04-22,,340.66999999999996,,,,
1990-04-29,,331.094,,,,
1990-05-06,8.18,334.298,5.4,,129.1,137.3
1990-05-13,,344.244,,,,
1990-05-20,,354.428,,,,
1990-05-27,,357.742,,,,
1990-06-03,8.29,361.475,5.2,,129.9,137.9
1990-06-10,,364.17199999999997,,,,
1990-06-17,,363.71799999999996,,,,
1990-06-24,,358.07000000000005,,,,
1990-07-01,8.15,355.032,5.5,6015.116,130.5,138.7
1990-07-08,,358.45000000000005,,,,
1990-07-15,,361.998,,,,
1990-07-22,,365.524,,,,
1990-07-29,,355.508,,,,
1990-08-05,8.13,352.712,5.7,,131.6,139.4
1990-08-12,,336.614,,,,
1990-08-19,,335.702,,,,
1990-08-26,,317.098,,,,
1990-09-02,8.2,321.648,5.9,,132.5,140.0
1990-09-09,,322.835,,,,
1990-09-16,,320.13800000000003,,,,
1990-09-23,,315.154,,,,
1990-09-30,,304.986,,,,
1990-10-07,8.11,313.148,5.9,6004.733,133.4,140.5
1990-10-14,,302.892,,,,
1990-10-21,,303.826,,,,
1990-10-28,,310.91999999999996,,,,
1990-11-04,7.81,305.762,6.2,,133.7,140.7
1990-11-11,,310.714,,,,
1990-11-18,,318.338,,,,
1990-11-25,,316.445,,,,
1990-12-02,7.31,318.24,6.3,,134.2,141.1
1990-12-09,,327.438,,,,
1990-12-16,,328.33599999999996,,,,
1990-12-23,,329.628,,,,
1990-12-30,,329.44,,,,
1991-01-06,6.91,324.895,6.4,6035.178,134.7,141.2
1991-01-13,,314.318,,,,
1991-01-20,,320.51800000000003,,,,
1991-01-27,,332.08599999999996,,,,
1991-02-03,6.25,339.952,6.6,,134.8,141.5
1991-02-10,,354.70799999999997,,,,
1991-02-17,,367.276,,,,
1991-02-24,,366.2875,,,,
1991-03-03,6.12,367.07,6.8,,134.8,142.0
1991-03-10,,374.616,,,,
1991-03-17,,372.92999999999995,,,,
1991-03-24,,368.136,,,,
1991-03-31,,374.175,,,,
1991-04-07,5.91,376.974,6.7,6126.862,135.1,142.5
1991-04-14,,376.68,,,,
1991-04-21,,386.384,,,,
1991-04-28,,380.748,,,,
1991-05-05,5.78,378.124,6.9,,135.6,142.8
1991-05-12,,378.98,,,,
1991-05-19,,372.306,,,,
1991-05-26,,375.256,,,,
1991-06-02,5.9,385.38,6.9,,136.0,143.0
1991-06-09,,384.79,,,,
1991-06-16,,379.238,,,,
1991-06-23,,377.396,,,,
1991-06-30,,371.748,,,,
1991-07-07,5.82,375.7,6.8,6205.937,136.2,143.7
1991-07-14,,377.402,,,,
1991-07-21,,382.94,,,,
1991-07-28,,380.566,,,,
1991-08-04,5.66,386.39,6.9,,136.6,143.7
1991-08-11,,388.536,,,,
1991-08-18,,388.48999999999995,,,,
1991-08-25,,386.398,,,,
1991-09-01,5.45,395.09000000000003,6.9,,137.0,144.6
1991-09-08,,390.09000000000003,,,,
1991-09-15,,385.83,,,,
1991-09-22,,386.74,,,,
1991-09-29,,386.58000000000004,,,,
1991-10-06,5.21,386.206,7.0,6264.54,137.2,144.6
1991-10-13,,379.794,,,,
1991-10-20,,390.94,,,,
1991-10-27,,387.012,,,,
1991-11-03,4.81,391.548,7.0,,137.8,145.0
1991-11-10,,391.114,,,,
1991-11-17,,393.408,,,,
1991-11-24,,379.878,,,,
1991-12-01,4.43,376.2675,7.3,,138.2,145.2
1991-12-08,,379.784,,,,
1991-12-15,,379.976,,,,
1991-12-22,,384.048,,,,
1991-12-29,,401.86249999999995,,,,
1992-01-05,4.03,417.2075,7.3,6363.102,138.3,145.4
1992-01-12,,417.23400000000004,,,,
1992-01-19,,418.524,,,,
1992-01-26,,415.514,,,,
1992-02-02,4.06,412.142,7.4,,138.6,145.6
1992-02-09,,412.42600000000004,,,,
1992-02-16,,414.166,,,,
1992-02-23,,410.25,,,,
1992-03-01,3.98,412.92600000000004,7.4,,139.1,146.4
1992-03-08,,409.116,,,,
1992-03-15,,405.17199999999997,,,,
1992-03-22,,409.244,,,,
1992-03-29,,407.534,,,,
1992-04-05,3.73,402.594,7.4,6470.763,139.4,146.2
1992-04-12,,400.616,,,,
1992-04-19,,412.7,,,,
1992-04-26,,410.16999999999996,,,,
1992-05-03,3.82,411.412,7.6,,139.7,146.3
1992-05-10,,416.488,,,,
1992-05-17,,414.892,,,,
1992-05-24,,414.238,,,,
1992-05-31,,413.9175,,,,
1992-06-07,3.76,414.42600000000004,7.8,,140.1,146.6
1992-06-14,,409.896,,,,
1992-06-21,,405.1,,,,
1992-06-28,,403.568,,,,
1992-07-05,3.25,410.4325,7.7,6566.641,140.5,147.0
1992-07-12,,412.42600000000004,,,,
1992-07-19,,416.562,,,,
1992-07-26,,412.424,,,,
1992-08-02,3.3,419.884,7.6,,140.8,147.0
1992-08-09,,422.22200000000004,,,,
1992-08-16,,418.74799999999993,,,,
1992-08-23,,418.674,,,,
1992-08-30,,412.842,,,,
1992-09-06,3.22,416.628,7.6,,141.1,147.2
1992-09-13,,417.5825,,,,
1992-09-20,,421.564,,,,
1992-09-27,,417.908,,,,
1992-10-04,3.1,415.596,7.3,6680.803,141.7,148.0
1992-10-11,,405.882,,,,
1992-10-18,,409.488,,,,
1992-10-25,,415.026,,,,
1992-11-01,3.09,419.264,7.4,,142.1,148.6
1992-11-08,,419.14,,,,
1992-11-15,,420.942,,,,
1992-11-22,,422.61199999999997,,,,
1992-11-29,,428.015,,,,
1992-12-06,2.92,430.79799999999994,7.4,,142.3,148.6
1992-12-13,,435.264,,,,
1992-12-20,,434.72799999999995,,,,
1992-12-27,,439.9525,,,,
1993-01-03,3.02,437.91499999999996,7.3,6729.459,142.8,148.9
1993-01-10,,432.804,,,,
1993-01-17,,433.622,,,,
1993-01-24,,435.38800000000003,,,,
1993-01-31,,439.10200000000003,,,,
1993-02-07,3.03,446.154,7.1,,143.1,149.1
1993-02-14,,446.33000000000004,,,,
1993-02-21,,433.3325,,,,
1993-02-28,,439.326,,,,
1993-03-07,3.07,446.524,7.0,,143.3,149.1
1993-03-14,,453.79799999999994,,,,
1993-03-21,,450.63599999999997,,,,
1993-03-28,,448.87399999999997,,,,
1993-04-04,2.96,449.21999999999997,7.1,6808.939,143.8,149.7
1993-04-11,,442.005,,,,
1993-04-18,,448.718,,,,
1993-04-25,,442.53599999999994,,,,
1993-05-02,3.0,437.73,7.1,,144.2,149.9
1993-05-09,,443.32,,,,
1993-05-16,,442.15,,,,
1993-05-23,,444.938,,,,
1993-05-30,,450.578,,,,
1993-06-06,3.04,452.5575,7.0,,144.3,150.3
1993-06-13,,446.16399999999993,,,,
1993-06-20,,446.726,,,,
1993-06-27,,445.912,,,,
1993-07-04,3.06,449.58599999999996,6.9,6882.098,144.5,150.4
1993-07-11,,445.2575,,,,
1993-07-18,,448.424,,,,
1993-07-25,,446.42600000000004,,,,
1993-08-01,3.03,448.578,6.8,,144.8,150.8
1993-08-08,,448.954,,,,
1993-08-15,,449.946,,,,
1993-08-22,,454.828,,,,
1993-08-29,,459.342,,,,
1993-09-05,3.09,462.25,6.7,,145.0,151.0
1993-09-12,,458.59749999999997,,,,
1993-09-19,,460.36400000000003,,,,
1993-09-26,,455.91400000000004,,,,
1993-10-03,2.99,460.73199999999997,6.8,7013.738,145.6,151.4
1993-10-10,,460.554,,,,
1993-10-17,,463.96400000000006,,,,
1993-10-24,,465.872,,,,
1993-10-31,,465.73400000000004,,,,
1993-11-07,3.02,463.524,6.6,,146.0,151.6
1993-11-14,,462.45799999999997,,,,
1993-11-21,,464.304,,,,
1993-11-28,,461.395,,,,
1993-12-05,2.96,462.716,6.5,,146.3,151.9
1993-12-12,,465.51800000000003,,,,
1993-12-19,,464.06399999999996,,,,
1993-12-26,,466.4625,,,,
1994-01-02,3.05,469.43,6.6,7115.652,146.3,152.2
1994-01-09,,467.38,,,,
1994-01-16,,474.18999999999994,,,,
1994-01-23,,474.31000000000006,,,,
1994-01-30,,474.36800000000005,,,,
1994-02-06,3.25,478.75,6.6,,146.7,152.8
1994-02-13,,470.938,,,,
1994-02-20,,470.71400000000006,,,,
1994-02-27,,468.12,,,,
1994-03-06,3.34,464.828,6.5,,147.1,153.2
1994-03-13,,466.038,,,,
1994-03-20,,469.15599999999995,,,,
1994-03-27,,466.162,,,,
1994-04-03,3.56,450.95,6.4,7246.931,147.2,153.3
1994-04-10,,446.648,,,,
1994-04-17,,447.25200000000007,,,,
1994-04-24,,444.66400000000004,,,,
1994-05-01,4.01,451.14750000000004,6.1,,147.5,153.3
1994-05-08,,451.39399999999995,,,,
1994-05-15,,443.54200000000003,,,,
1994-05-22,,451.78999999999996,,,,
1994-05-29,,455.74799999999993,,,,
1994-06-05,4.25,457.97749999999996,6.1,,147.9,153.4
1994-06-12,,458.13599999999997,,,,
1994-06-19,,460.492,,,,
1994-06-26,,450.468,,,,
1994-07-03,4.26,446.296,6.1,7331.075,148.4,153.9
1994-07-10,,447.6075,,,,
1994-07-17,,450.462,,,,
1994-07-24,,453.28000000000003,,,,
1994-07-31,,454.534,,,,
1994-08-07,4.47,459.70199999999994,6.0,,149.0,154.5
1994-08-14,,459.38800000000003,,,,
1994-08-21,,463.65200000000004,,,,
1994-08-28,,467.54799999999994,,,,
1994-09-04,4.73,474.062,5.9,,149.3,155.0
1994-09-11,,471.03499999999997,,,,
1994-09-18,,469.704,,,,
1994-09-25,,463.322,,,,
1994-10-02,4.76,462.52799999999996,5.8,7455.288,149.4,155.2
1994-10-09,,455.462,,,,
1994-10-16,,465.434,,,,
1994-10-23,,467.72799999999995,,,,
1994-10-30,,464.91999999999996,,,,
1994-11-06,5.29,467.492,5.6,,149.8,155.6
1994-11-13,,464.168,,,,
1994-11-20,,464.34,,,,
1994-11-27,,452.65250000000003,,,,
1994-12-04,5.45,453.04800000000006,5.5,,150.1,155.7
1994-12-11,,450.014,,,,
1994-12-18,,453.746,,,,
1994-12-25,,458.82399999999996,,,,
1995-01-01,5.53,460.94,5.6,7522.289,150.5,156.1
1995-01-08,,460.21,,,,
1995-01-15,,462.35600000000005,,,,
1995-01-22,,468.17600000000004,,,,
1995-01-29,,467.564,,,,
1995-02-05,5.92,472.15,5.4,,150.9,156.4
1995-02-12,,480.95799999999997,,,,
1995-02-19,,483.18600000000004,,,,
1995-02-26,,485.7075,,,,
1995-03-05,5.98,485.48,5.4,,151.2,156.7
1995-03-12,,484.724,,,,
1995-03-19,,493.15,,,,
1995-03-26,,496.762,,,,
1995-04-02,6.05,502.63,5.8,7580.997,151.8,157.0
1995-04-09,,505.032,,,,
1995-04-16,,507.235,,,,
1995-04-23,,506.03999999999996,,,,
1995-04-30,,513.182,,,,
1995-05-07,6.01,518.052,5.6,,152.1,157.2
1995-05-14,,524.36,,,,
1995-05-21,,524.354,,,,
1995-05-28,,526.618,,,,
1995-06-04,6.0,530.745,5.6,,152.4,157.5
1995-06-11,,532.914,,,,
1995-06-18,,536.0699999999999,,,,
1995-06-25,,546.992,,,,
1995-07-02,5.85,543.982,5.7,7683.125,152.6,157.9
1995-07-09,,551.1775,,,,
1995-07-16,,558.75,,,,
1995-07-23,,555.864,,,,
1995-07-30,,561.4979999999999,,,,
1995-08-06,5.74,559.638,5.7,,152.9,158.2
1995-08-13,,558.538,,,,
1995-08-20,,559.306,,,,
1995-08-27,,558.466,,,,
1995-09-03,5.8,561.138,5.6,,153.1,158.5
1995-09-10,,570.5775,,,,
1995-09-17,,579.23,,,,
1995-09-24,,583.6940000000001,,,,
1995-10-01,5.76,582.908,5.5,7772.586,153.5,158.9
1995-10-08,,582.13,,,,
1995-10-15,,580.5899999999999,,,,
1995-10-22,,587.072,,,,
1995-10-29,,582.098,,,,
1995-11-05,5.8,585.8520000000001,5.6,,153.7,159.3
1995-11-12,,590.494,,,,
1995-11-19,,594.592,,,,
1995-11-26,,598.865,,,,
1995-12-03,5.6,605.552,5.6,,153.9,159.6
1995-12-10,,617.0379999999999,,,,
1995-12-17,,618.65,,,,
1995-12-24,,609.426,,,,
1995-12-31,,614.72,,,,
1996-01-07,5.56,619.115,5.6,7868.468,154.7,160.0
1996-01-14,,606.1780000000001,,,,
1996-01-21,,606.94,,,,
1996-01-28,,616.96,,,,
1996-02-04,5.22,632.938,5.5,,155.0,160.4
1996-02-11,,650.0260000000001,,,,
1996-02-18,,655.368,,,,
1996-02-25,,651.6725,,,,
1996-03-03,5.31,645.45,5.5,,155.5,160.6
1996-03-10,,649.15,,,,
1996-03-17,,639.592,,,,
1996-03-24,,650.826,,,,
1996-03-31,,649.272,,,,
1996-04-07,5.22,655.1825,5.6,8032.84,156.1,160.9
1996-04-14,,637.5640000000001,,,,
1996-04-21,,643.556,,,,
1996-04-28,,651.1940000000001,,,,
1996-05-05,5.24,649.5840000000001,5.6,,156.4,161.2
1996-05-12,,644.274,,,,
1996-05-19,,665.258,,,,
1996-05-26,,675.768,,,,
1996-06-02,5.27,670.245,5.3,,156.7,161.7
1996-06-09,,673.004,,,,
1996-06-16,,669.188,,,,
1996-06-23,,663.624,,,,
1996-06-30,,668.1800000000001,,,,
1996-07-07,5.4,669.8325,5.5,8131.408,157.0,162.2
1996-07-14,,651.042,,,,
1996-07-21,,634.906,,,,
1996-07-28,,630.872,,,,
1996-08-04,5.22,643.726,5.1,,157.2,162.5
1996-08-11,,662.292,,,,
1996-08-18,,663.1020000000001,,,,
1996-08-25,,667.01,,,,
1996-09-01,5.3,660.896,5.2,,157.7,162.9
1996-09-08,,653.8625,,,,
1996-09-15,,669.308,,,,
1996-09-22,,683.684,,,,
1996-09-29,,685.994,,,,
1996-10-06,5.24,692.928,5.2,8259.771,158.2,163.3
1996-10-13,,699.198,,,,
1996-10-20,,705.6659999999999,,,,
1996-10-27,,705.38,,,,
1996-11-03,5.31,701.74,5.4,,158.7,163.7
1996-11-10,,720.7860000000001,,,,
1996-11-17,,733.212,,,,
1996-11-24,,742.922,,,,
1996-12-01,5.29,756.2525,5.4,,159.1,164.0
1996-12-08,,746.784,,,,
1996-12-15,,739.21,,,,
1996-12-22,,734.638,,,,
1996-12-29,,752.64,,,,
1997-01-05,5.25,744.9075,5.3,8362.655,159.4,164.4
1997-01-12,,752.728,,,,
1997-01-19,,768.298,,,,
1997-01-26,,778.746,,,,
1997-02-02,5.19,774.574,5.2,,159.7,164.8
1997-02-09,,784.796,,,,
1997-02-16,,799.618,,,,
1997-02-23,,808.3375,,,,
1997-03-02,5.39,802.79,5.2,,159.8,165.1
1997-03-09,,798.356,,,,
1997-03-16,,802.396,,,,
1997-03-23,,787.578,,,,
1997-03-30,,786.085,,,,
1997-04-06,5.51,755.018,5.1,8518.825,159.9,165.5
1997-04-13,,756.9680000000001,,,,
1997-04-20,,758.018,,,,
1997-04-27,,769.034,,,,
1997-05-04,5.5,795.97,4.9,,159.9,165.9
1997-05-11,,823.732,,,,
1997-05-18,,835.692,,,,
1997-05-25,,839.394,,,,
1997-06-01,5.56,847.32,5.0,,160.2,166.4
1997-06-08,,846.6780000000001,,,,
1997-06-15,,874.9,,,,
1997-06-22,,894.814,,,,
1997-06-29,,886.9860000000001,,,,
1997-07-06,5.52,899.28,4.9,8662.823,160.4,166.8
1997-07-13,,913.79,,,,
1997-07-20,,925.528,,,,
1997-07-27,,932.5139999999999,,,,
1997-08-03,5.54,946.492,4.8,,160.8,167.3
1997-08-10,,949.5440000000001,,,,
1997-08-17,,922.226,,,,
1997-08-24,,925.29,,,,
1997-08-31,,910.0040000000001,,,,
1997-09-07,5.54,928.84,4.9,,161.2,167.8
1997-09-14,,924.07,,,,
1997-09-21,,941.242,,,,
1997-09-28,,946.994,,,,
1997-10-05,5.5,956.3040000000001,4.7,8765.907,161.5,168.2
1997-10-12,,973.45,,,,
1997-10-19,,960.698,,,,
1997-10-26,,957.742,,,,
1997-11-02,5.52,907.26,4.6,,161.7,168.7
1997-11-09,,937.61,,,,
1997-11-16,,919.176,,,,
1997-11-23,,950.2180000000001,,,,
1997-11-30,,951.1324999999999,,,,
1997-12-07,5.5,976.024,4.7,,161.8,169.1
1997-12-14,,967.2540000000001,,,,
1997-12-21,,959.8100000000001,,,,
1997-12-28,,940.4975000000001,,,,
1998-01-04,5.56,967.415,4.6,8866.48,162.0,169.5
1998-01-11,,958.278,,,,
1998-01-18,,952.302,,,,
1998-01-25,,967.51,,,,
1998-02-01,5.51,973.8399999999999,4.6,,162.0,169.9
1998-02-08,,1006.034,,,,
1998-02-15,,1018.798,,,,
1998-02-22,,1029.3325,,,,
1998-03-01,5.49,1041.922,4.7,,162.0,170.3
1998-03-08,,1047.558,,,,
1998-03-15,,1064.712,,,,
1998-03-22,,1086.828,,,,
1998-03-29,,1099.874,,,,
1998-04-05,5.45,1109.232,4.3,8969.699,162.2,170.7
1998-04-12,,1110.81,,,,
1998-04-19,,1115.1299999999999,,,,
1998-04-26,,1121.6680000000001,,,,
1998-05-03,5.49,1099.806,4.4,,162.6,171.1
1998-05-10,,1109.154,,,,
1998-05-17,,1113.4779999999998,,,,
1998-05-24,,1111.902,,,,
1998-05-31,,1093.6675,,,,
1998-06-07,5.56,1095.124,4.5,,162.8,171.7
1998-06-14,,1107.966,,,,
1998-06-21,,1095.7459999999999,,,,
1998-06-28,,1123.612,,,,
1998-07-05,5.54,1141.8274999999999,4.5,9121.097,163.2,172.2
1998-07-12,,1160.252,,,,
1998-07-19,,1177.664,,,,
1998-07-26,,1158.7599999999998,,,,
1998-08-02,5.55,1133.268,4.5,,163.4,172.8
1998-08-09,,1089.014,,,,
1998-08-16,,1074.8,,,,
1998-08-23,,1091.154,,,,
1998-08-30,,1066.982,,,,
1998-09-06,5.51,979.632,4.6,,163.5,173.4
1998-09-13,,1004.7275,,,,
1998-09-20,,1030.368,,,,
1998-09-27,,1041.416,,,,
1998-10-04,5.07,1020.742,4.5,9293.991,163.9,173.9
1998-10-11,,977.5319999999999,,,,
1998-10-18,,1020.39,,,,
1998-10-25,,1069.078,,,,
1998-11-01,4.83,1078.0700000000002,4.4,,164.1,174.5
1998-11-08,,1123.194,,,,
1998-11-15,,1124.568,,,,
1998-11-22,,1147.166,,,,
1998-11-29,,1187.6,,,,
1998-12-06,4.68,1167.408,4.4,,164.4,174.9
1998-12-13,,1176.81,,,,
1998-12-20,,1166.7959999999998,,,,
1998-12-27,,1215.3049999999998,,,,
1999-01-03,4.63,1232.115,4.3,9411.682,164.7,175.3
1999-01-10,,1258.008,,,,
1999-01-17,,1238.648,,,,
1999-01-24,,1242.2425,,,,
1999-01-31,,1254.894,,,,
1999-02-07,4.76,1258.99,4.4,,164.7,175.6
1999-02-14,,1233.526,,,,
1999-02-21,,1235.6,,,,
1999-02-28,,1256.016,,,,
1999-03-07,4.81,1242.294,4.2,,164.8,176.0
1999-03-14,,1288.336,,,,
1999-03-21,,1305.46,,,,
1999-03-28,,1280.106,,,,
1999-04-04,4.74,1297.7525,4.3,9526.21,165.9,176.4
1999-04-11,,1331.646,,,,
1999-04-18,,1335.752,,,,
1999-04-25,,1329.4879999999998,,,,
1999-05-02,4.74,1350.352,4.2,,166.0,176.7
1999-05-09,,1342.1979999999999,,,,
1999-05-16,,1353.0539999999999,,,,
1999-05-23,,1337.232,,,,
1999-05-30,,1295.8120000000001,,,,
1999-06-06,4.76,1304.09,4.3,,166.0,177.1
1999-06-13,,1313.3899999999999,,,,
1999-06-20,,1321.662,,,,
1999-06-27,,1329.806,,,,
1999-07-04,4.99,1365.538,4.3,9686.626,166.7,177.5
1999-07-11,,1395.42,,,,
1999-07-18,,1403.846,,,,
1999-07-25,,1376.3899999999999,,,,
1999-08-01,5.07,1349.15,4.2,,167.1,177.9
1999-08-08,,1313.9119999999998,,,,
1999-08-15,,1301.4,,,,
1999-08-22,,1333.5939999999998,,,,
1999-08-29,,1363.158,,,,
1999-09-05,5.22,1330.3700000000001,4.2,,167.8,178.4
1999-09-12,,1348.48,,,,
1999-09-19,,1330.458,,,,
1999-09-26,,1302.2779999999998,,,,
1999-10-03,5.2,1279.8799999999999,4.1,9900.169,168.1,178.8
1999-10-10,,1317.002,,,,
1999-10-17,,1292.926,,,,
1999-10-24,,1278.028,,,,
1999-10-31,,1315.5240000000001,,,,
1999-11-07,5.42,1357.932,4.1,,168.4,179.8
1999-11-14,,1378.654,,,,
1999-11-21,,1414.422,,,,
1999-11-28,,1414.82,,,,
1999-12-05,5.3,1407.3600000000001,4.0,,168.8,180.3
1999-12-12,,1412.306,,,,
1999-12-19,,1414.304,,,,
1999-12-26,,1436.4975,,,,
2000-01-02,5.45,1462.3880000000001,4.0,10002.179,169.3,181.1
2000-01-09,,1420.334,,,,
2000-01-16,,1448.648,,,,
2000-01-23,,1449.4925,,,,
2000-01-30,,1394.874,,,,
2000-02-06,5.73,1412.44,4.1,,170.0,181.5
2000-02-13,,1416.322,,,,
2000-02-20,,1382.8020000000001,,,,
2000-02-27,,1349.9125,,,,
2000-03-05,5.85,1376.9180000000001,4.0,,171.0,182.0
2000-03-12,,1382.072,,,,
2000-03-19,,1411.5720000000001,,,,
2000-03-26,,1501.19,,,,
2000-04-02,6.02,1505.322,3.8,10247.72,170.9,182.3
2000-04-09,,1501.152,,,,
2000-04-16,,1453.858,,,,
2000-04-23,,1426.2649999999999,,,,
2000-04-30,,1457.1280000000002,,,,
2000-05-07,6.27,1434.368,4.0,,171.2,182.7
2000-05-14,,1409.626,,,,
2000-05-21,,1442.072,,,,
2000-05-28,,1386.634,,,,
2000-06-04,6.53,1442.28,4.0,,172.2,183.2
2000-06-11,,1463.09,,,,
2000-06-18,,1465.834,,,,
2000-06-25,,1466.9479999999999,,,,
2000-07-02,6.54,1451.534,4.0,10318.165,172.7,183.9
2000-07-09,,1462.835,,,,
2000-07-16,,1491.048,,,,
2000-07-23,,1492.3899999999999,,,,
2000-07-30,,1452.1380000000001,,,,
2000-08-06,6.5,1444.624,4.1,,172.7,184.6
2000-08-13,,1473.416,,,,
2000-08-20,,1488.726,,,,
2000-08-27,,1503.6680000000001,,,,
2000-09-03,6.52,1512.994,3.9,,173.6,185.3
2000-09-10,,1499.085,,,,
2000-09-17,,1480.568,,,,
2000-09-24,,1450.7040000000002,,,,
2000-10-01,6.51,1437.522,3.9,10435.744,173.9,186.1
2000-10-08,,1428.456,,,,
2000-10-15,,1371.518,,,,
2000-10-22,,1370.482,,,,
2000-10-29,,1380.566,,,,
2000-11-05,6.51,1420.858,3.9,,174.2,186.8
2000-11-12,,1407.892,,,,
2000-11-19,,1372.812,,,,
2000-11-26,,1338.5249999999999,,,,
2000-12-03,6.4,1331.4299999999998,3.9,,174.6,187.6
2000-12-10,,1353.282,,,,
2000-12-17,,1352.89,,,,
2000-12-24,,1294.782,,,,
2000-12-31,,1324.6525000000001,,,,
2001-01-07,5.98,1315.6299999999999,4.2,10470.231,175.6,188.2
2001-01-14,,1311.014,,,,
2001-01-21,,1336.6575,,,,
2001-01-28,,1356.0120000000002,,,,
2001-02-04,5.49,1365.3700000000001,4.2,,176.0,188.9
2001-02-11,,1338.95,,,,
2001-02-18,,1318.634,,,,
2001-02-25,,1258.2224999999999,,,,
2001-03-04,5.31,1248.188,4.3,,176.1,189.6
2001-03-11,,1251.0520000000001,,,,
2001-03-18,,1173.724,,,,
2001-03-25,,1138.596,,,,
2001-04-01,4.8,1159.286,4.4,10599.0,176.4,190.2
2001-04-08,,1127.09,,,,
2001-04-15,,1163.8400000000001,,,,
2001-04-22,,1221.266,,,,
2001-04-29,,1230.03,,,,
2001-05-06,4.21,1259.7040000000002,4.3,,177.3,191.0
2001-05-13,,1256.22,,,,
2001-05-20,,1272.76,,,,
2001-05-27,,1296.464,,,,
2001-06-03,3.97,1258.125,4.5,,177.7,191.6
2001-06-10,,1272.526,,,,
2001-06-17,,1237.214,,,,
2001-06-24,,1221.308,,,,
2001-07-01,3.77,1219.41,4.6,10598.02,177.4,192.3
2001-07-08,,1220.2475,,,,
2001-07-15,,1196.8600000000001,,,,
2001-07-22,,1210.094,,,,
2001-07-29,,1192.384,,,,
2001-08-05,3.65,1213.356,4.9,,177.4,193.1
2001-08-12,,1192.4,,,,
2001-08-19,,1179.934,,,,
2001-08-26,,1168.2,,,,
2001-09-02,3.07,1150.388,5.0,,178.1,193.9
2001-09-09,,1114.2150000000001,,,,
2001-09-16,,1092.54,,,,
2001-09-23,,1007.5899999999999,,,,
2001-09-30,,1016.4619999999999,,,,
2001-10-07,2.49,1060.634,5.3,10660.465,177.6,194.7
2001-10-14,,1077.852,,,,
2001-10-21,,1081.342,,,,
2001-10-28,,1092.916,,,,
2001-11-04,2.09,1073.834,5.5,,177.5,195.5
2001-11-11,,1115.27,,,,
2001-11-18,,1135.904,,,,
2001-11-25,,1145.2725,,,,
2001-12-02,1.82,1143.018,5.7,,177.4,196.4
2001-12-09,,1154.092,,,,
2001-12-16,,1131.2459999999999,,,,
2001-12-23,,1142.3319999999999,,,,
2001-12-30,,1153.0425,,,,
2002-01-06,1.73,1160.1325,5.7,10783.5,177.7,197.0
2002-01-13,,1156.578,,,,
2002-01-20,,1135.726,,,,
2002-01-27,,1128.23,,,,
2002-02-03,1.74,1119.934,5.7,,178.0,197.7
2002-02-10,,1088.872,,,,
2002-02-17,,1111.7220000000002,,,,
2002-02-24,,1088.0275,,,,
2002-03-03,1.73,1113.442,5.7,,178.5,198.2
2002-03-10,,1156.92,,,,
2002-03-17,,1161.426,,,,
2002-03-24,,1157.9959999999999,,,,
2002-03-31,,1140.5825,,,,
2002-04-07,1.75,1131.554,5.9,10887.46,179.3,198.5
2002-04-14,,1117.652,,,,
2002-04-21,,1121.326,,,,
2002-04-28,,1093.946,,,,
2002-05-05,1.75,1077.366,5.8,,179.5,198.8
2002-05-12,,1063.8020000000001,,,,
2002-05-19,,1093.5459999999998,,,,
2002-05-26,,1087.736,,,,
2002-06-02,1.75,1068.5025,5.8,,179.6,199.3
2002-06-09,,1037.5900000000001,,,,
2002-06-16,,1016.2860000000001,,,,
2002-06-23,,1017.7460000000001,,,,
2002-06-30,,984.568,,,,
2002-07-07,1.73,964.94,5.8,10984.04,180.0,199.8
2002-07-14,,939.808,,,,
2002-07-21,,890.868,,,,
2002-07-28,,830.4979999999999,,,,
2002-08-04,1.74,892.452,5.7,,180.5,200.2
2002-08-11,,877.008,,,,
2002-08-18,,913.3299999999999,,,,
2002-08-25,,948.2139999999999,,,,
2002-09-01,1.75,926.902,5.7,,180.8,200.7
2002-09-08,,886.1225,,,,
2002-09-15,,899.742,,,,
2002-09-22,,864.558,,,,
2002-09-29,,834.994,,,,
2002-10-06,1.75,822.126,5.7,11061.433,181.2,201.3
2002-10-13,,799.966,,,,
2002-10-20,,869.2639999999999,,,,
2002-10-27,,893.234,,,,
2002-11-03,1.34,889.9620000000001,5.9,,181.5,202.0
2002-11-10,,908.9780000000001,,,,
2002-11-17,,891.1540000000001,,,,
2002-11-24,,915.1119999999999,,,,
2002-12-01,1.24,930.3425,6.0,,181.8,202.5
2002-12-08,,918.326,,,,
2002-12-15,,898.4960000000001,,,,
2002-12-22,,896.902,,,,
2002-12-29,,888.7275,,,,
2003-01-05,1.24,894.2075,5.8,11174.129,182.6,203.3
2003-01-12,,923.4040000000001,,,,
2003-01-19,,918.5040000000001,,,,
2003-01-26,,878.6800000000001,,,,
2003-02-02,1.26,854.1380000000001,5.9,,183.6,203.7
2003-02-09,,843.99,,,,
2003-02-16,,827.222,,,,
2003-02-23,,845.3924999999999,,,,
2003-03-02,1.25,835.426,5.9,,183.9,204.1
2003-03-09,,827.528,,,,
2003-03-16,,815.514,,,,
2003-03-23,,874.9440000000001,,,,
2003-03-30,,868.1880000000001,,,,
2003-04-06,1.26,868.5719999999999,6.0,11312.766,183.2,204.5
2003-04-13,,872.818,,,,
2003-04-20,,887.3824999999999,,,,
2003-04-27,,906.5279999999999,,,,
2003-05-04,1.26,919.1959999999999,6.1,,182.9,204.9
2003-05-11,,928.848,,,,
2003-05-18,,943.5319999999999,,,,
2003-05-25,,925.802,,,,
2003-06-01,1.22,954.4825000000001,6.3,,183.1,205.1
2003-06-08,,980.54,,,,
2003-06-15,,989.074,,,,
2003-06-22,,1004.576,,,,
2003-06-29,,980.49,,,,
2003-07-06,1.01,984.0675,6.2,11566.669,183.7,205.6
2003-07-13,,1000.2620000000001,,,,
2003-07-20,,994.6659999999999,,,,
2003-07-27,,987.1600000000001,,,,
2003-08-03,1.03,988.75,6.1,,184.5,206.1
2003-08-10,,973.414,,,,
2003-08-17,,987.2299999999999,,,,
2003-08-24,,999.744,,,,
2003-08-31,,999.616,,,,
2003-09-07,1.01,1024.405,6.1,,185.1,206.6
2003-09-14,,1020.156,,,,
2003-09-21,,1029.196,,,,
2003-09-28,,1012.2700000000001,,,,
2003-10-05,1.01,1014.1720000000001,6.0,11772.234,184.9,206.9
2003-10-12,,1036.834,,,,
2003-10-19,,1046.196,,,,
2003-10-26,,1036.75,,,,
2003-11-02,1.0,1044.736,5.8,,185.0,207.5
2003-11-09,,1055.068,,,,
2003-11-16,,1052.2,,,,
2003-11-23,,1037.8300000000002,,,,
2003-11-30,,1055.655,,,,
2003-12-07,0.98,1066.538,5.7,,185.5,207.9
2003-12-14,,1066.778,,,,
2003-12-21,,1079.5,,,,
2003-12-28,,1094.7225,,,,
2004-01-04,1.0,1109.88,5.7,11923.447,186.3,208.3
2004-01-11,,1125.2,,,,
2004-01-18,,1130.17,,,,
2004-01-25,,1142.97,,,,
2004-02-01,1.01,1138.628,5.6,,186.7,208.8
2004-02-08,,1133.8319999999999,,,,
2004-02-15,,1148.206,,,,
2004-02-22,,1149.995,,,,
2004-02-29,,1142.72,,,,
2004-03-07,1.0,1153.5700000000002,5.8,,187.1,209.2
2004-03-14,,1127.806,,,,
2004-03-21,,1114.208,,,,
2004-03-28,,1099.586,,,,
2004-04-04,1.0,1129.932,5.6,12112.815,187.4,209.7
2004-04-11,,1144.645,,,,
2004-04-18,,1133.252,,,,
2004-04-25,,1131.718,,,,
2004-05-02,1.0,1123.4479999999999,5.6,,188.2,210.2
2004-05-09,,1114.252,,,,
2004-05-16,,1094.398,,,,
2004-05-23,,1089.404,,,,
2004-05-30,,1113.0720000000001,,,,
2004-06-06,1.03,1121.3325,5.6,,188.9,210.7
2004-06-13,,1137.6,,,,
2004-06-20,,1131.586,,,,
2004-06-27,,1136.77,,,,
2004-07-04,1.26,1132.942,5.5,12305.307,189.1,211.2
2004-07-11,,1114.115,,,,
2004-07-18,,1109.808,,,,
2004-07-25,,1097.3,,,,
2004-08-01,1.43,1095.294,5.4,,189.2,211.9
2004-08-08,,1089.922,,,,
2004-08-15,,1069.616,,,,
2004-08-22,,1089.16,,,,
2004-08-29,,1101.938,,,,
2004-09-05,1.61,1108.248,5.4,,189.8,212.4
2004-09-12,,1119.9675,,,,
2004-09-19,,1125.3139999999999,,,,
2004-09-26,,1116.706,,,,
2004-10-03,1.76,1114.892,5.5,12527.214,190.8,212.8
2004-10-10,,1132.898,,,,
2004-10-17,,1114.274,,,,
2004-10-24,,1104.6280000000002,,,,
2004-10-31,,1117.788,,,,
2004-11-07,1.93,1146.4180000000001,5.4,,191.7,213.2
2004-11-14,,1169.9060000000002,,,,
2004-11-21,,1179.014,,,,
2004-11-28,,1179.6475,,,,
2004-12-05,2.16,1185.0520000000001,5.4,,191.7,213.9
2004-12-12,,1185.476,,,,
2004-12-19,,1201.042,,,,
2004-12-26,,1204.95,,,,
2005-01-02,2.28,1211.476,5.3,12767.286,191.6,214.5
2005-01-09,,1189.59,,,,
2005-01-16,,1184.5819999999999,,,,
2005-01-23,,1180.9725,,,,
2005-01-30,,1170.4279999999999,,,,
2005-02-06,2.5,1191.358,5.4,,192.4,215.0
2005-02-13,,1199.664,,,,
2005-02-20,,1205.788,,,,
2005-02-27,,1196.6325,,,,
2005-03-06,2.63,1211.336,5.2,,193.1,215.5
2005-03-13,,1212.216,,,,
2005-03-20,,1194.502,,,,
2005-03-27,,1174.8600000000001,,,,
2005-04-03,2.79,1174.9119999999998,5.2,12922.656,193.7,216.0
2005-04-10,,1182.784,,,,
2005-04-17,,1169.486,,,,
2005-04-24,,1149.666,,,,
2005-05-01,3.0,1154.058,5.1,,193.6,216.4
2005-05-08,,1168.592,,,,
2005-05-15,,1165.916,,,,
2005-05-22,,1181.0819999999999,,,,
2005-05-29,,1194.868,,,,
2005-06-05,3.04,1198.52,5.0,,193.7,216.8
2005-06-12,,1197.696,,,,
2005-06-19,,1207.846,,,,
2005-06-26,,1207.1779999999999,,,,
2005-07-03,3.26,1195.576,5.0,13142.642,194.9,217.5
2005-07-10,,1202.415,,,,
2005-07-17,,1223.872,,,,
2005-07-24,,1229.28,,,,
2005-07-31,,1234.976,,,,
2005-08-07,3.5,1237.358,4.9,,196.1,218.0
2005-08-14,,1230.368,,,,
2005-08-21,,1222.4360000000001,,,,
2005-08-28,,1213.2779999999998,,,,
2005-09-04,3.62,1216.126,5.0,,198.8,218.6
2005-09-11,,1235.725,,,,
2005-09-18,,1232.912,,,,
2005-09-25,,1218.494,,,,
2005-10-02,3.78,1220.934,5.0,13324.204,199.1,219.3
2005-10-09,,1204.9900000000002,,,,
2005-10-16,,1182.658,,,,
2005-10-23,,1184.2779999999998,,,,
2005-10-30,,1192.922,,,,
2005-11-06,4.0,1212.922,5.0,,198.1,220.0
2005-11-13,,1225.5459999999998,,,,
2005-11-20,,1237.01,,,,
2005-11-27,,1262.485,,,,
2005-12-04,4.16,1258.834,4.9,,198.1,220.5
2005-12-11,,1259.674,,,,
2005-12-18,,1267.7720000000002,,,,
2005-12-25,,1263.822,,,,
2006-01-01,4.29,1254.355,4.7,13599.16,199.3,220.9
2006-01-08,,1275.2975000000001,,,,
2006-01-15,,1289.538,,,,
2006-01-22,,1276.8475,,,,
2006-01-29,,1270.5819999999999,,,,
2006-02-05,4.49,1276.522,4.8,,199.4,221.6
2006-02-12,,1263.2440000000001,,,,
2006-02-19,,1279.002,,,,
2006-02-26,,1288.23,,,,
2006-03-05,4.59,1288.478,4.7,,199.7,222.3
2006-03-12,,1277.284,,,,
2006-03-19,,1299.442,,,,
2006-03-26,,1302.394,,,,
2006-04-02,4.79,1298.562,4.7,13753.424,200.7,222.9
2006-04-09,,1303.968,,,,
2006-04-16,,1290.1025,,,,
2006-04-23,,1305.1299999999999,,,,
2006-04-30,,1307.118,,,,
2006-05-07,4.94,1312.852,4.6,,201.3,223.6
2006-05-14,,1313.962,,,,
2006-05-21,,1277.148,,,,
2006-05-28,,1266.0520000000001,,,,
2006-06-04,4.99,1275.965,4.6,,201.8,224.4
2006-06-11,,1259.104,,,,
2006-06-18,,1239.566,,,,
2006-06-25,,1244.512,,,,
2006-07-02,5.24,1255.766,4.7,13870.188,202.9,225.2
2006-07-09,,1272.665,,,,
2006-07-16,,1255.3899999999999,,,,
2006-07-23,,1244.116,,,,
2006-07-30,,1267.988,,,,
2006-08-06,5.25,1277.152,4.7,,203.8,226.2
2006-08-13,,1270.35,,,,
2006-08-20,,1289.8,,,,
2006-08-27,,1296.096,,,,
2006-09-03,5.25,1305.032,4.5,,202.8,227.1
2006-09-10,,1301.6125,,,,
2006-09-17,,1313.374,,,,
2006-09-24,,1319.4959999999999,,,,
2006-10-01,5.25,1334.86,4.4,14039.56,201.9,228.0
2006-10-08,,1343.69,,,,
2006-10-15,,1356.4959999999999,,,,
2006-10-22,,1366.924,,,,
2006-10-29,,1380.608,,,,
2006-11-05,5.25,1371.0639999999999,4.5,,202.0,228.9
2006-11-12,,1381.514,,,,
2006-11-19,,1395.034,,,,
2006-11-26,,1402.5875,,,,
2006-12-03,5.24,1393.0880000000002,4.4,,203.1,230.0
2006-12-10,,1410.782,,,,
2006-12-17,,1418.078,,,,
2006-12-24,,1420.124,,,,
2006-12-31,,1421.6925,,,,
2007-01-07,5.25,1414.8833333333332,4.6,14215.651,203.437,230.806
2007-01-14,,1418.8719999999998,,,,
2007-01-21,,1429.8474999999999,,,,
2007-01-28,,1427.432,,,,
2007-02-04,5.26,1436.402,4.5,,204.226,231.739
2007-02-11,,1446.276,,,,
2007-02-18,,1449.056,,,,
2007-02-25,,1456.22,,,,
2007-03-04,5.26,1409.114,4.4,,205.288,232.495
2007-03-11,,1393.248,,,,
2007-03-18,,1390.19,,,,
2007-03-25,,1423.7379999999998,,,,
2007-04-01,5.25,1425.346,4.5,14402.082,205.904,232.98
2007-04-08,,1436.3625,,,,
2007-04-15,,1446.504,,,,
2007-04-22,,1473.5059999999999,,,,
2007-04-29,,1489.016,,,,
2007-05-06,5.25,1494.52,4.4,,206.755,233.549
2007-05-13,,1505.42,,,,
2007-05-20,,1510.796,,,,
2007-05-27,,1518.9479999999999,,,,
2007-06-03,5.25,1528.8249999999998,4.6,,207.234,234.071
2007-06-10,,1517.18,,,,
2007-06-17,,1514.734,,,,
2007-06-24,,1520.468,,,,
2007-07-01,5.26,1501.206,4.7,14564.117,207.603,234.732
2007-07-08,,1525.035,,,,
2007-07-15,,1532.1860000000001,,,,
2007-07-22,,1546.4479999999999,,,,
2007-07-29,,1502.462,,,,
2007-08-05,5.02,1460.05,4.6,,207.667,235.311
2007-08-12,,1469.72,,,,
2007-08-19,,1428.674,,,,
2007-08-26,,1459.722,,,,
2007-09-02,4.94,1458.908,4.7,,208.547,236.058
2007-09-09,,1473.4524999999999,,,,
2007-09-16,,1472.59,,,,
2007-09-23,,1513.992,,,,
2007-09-30,,1523.6979999999999,,,,
2007-10-07,4.76,1546.74,4.7,14715.058,209.19,237.135
2007-10-14,,1559.282,,,,
2007-10-21,,1533.8380000000002,,,,
2007-10-28,,1518.2959999999998,,,,
2007-11-04,4.49,1527.894,4.7,,210.834,238.169
2007-11-11,,1485.306,,,,
2007-11-18,,1460.1399999999999,,,,
2007-11-25,,1432.6100000000001,,,,
2007-12-02,4.24,1451.066,5.0,,211.445,239.102
2007-12-09,,1486.444,,,,
2007-12-16,,1487.3120000000001,,,,
2007-12-23,,1459.692,,,,
2007-12-30,,1487.2425,,,,
2008-01-06,3.94,1443.5775,5.0,14706.538,212.174,239.85
2008-01-13,,1407.3700000000001,,,,
2008-01-20,,1365.768,,,,
2008-01-27,,1332.945,,,,
2008-02-03,2.98,1369.21,4.9,,212.687,240.325
2008-02-10,,1342.422,,,,
2008-02-17,,1350.81,,,,
2008-02-24,,1351.1125,,,,
2008-03-02,2.61,1366.284,5.1,,213.448,240.874
2008-03-09,,1317.9,,,,
2008-03-16,,1301.282,,,,
2008-03-23,,1308.8175,,,,
2008-03-30,,1336.996,,,,
2008-04-06,2.28,1360.024,5.0,14865.701,213.942,241.474
2008-04-13,,1357.19,,,,
2008-04-20,,1356.67,,,,
2008-04-27,,1386.1399999999999,,,,
2008-05-04,1.98,1399.2279999999998,5.4,,215.208,241.803
2008-05-11,,1400.856,,,,
2008-05-18,,1412.84,,,,
2008-05-25,,1400.2040000000002,,,,
2008-06-01,2.0,1393.7075,5.6,,217.463,242.64
2008-06-08,,1381.05,,,,
2008-06-15,,1351.118,,,,
2008-06-22,,1341.928,,,,
2008-06-29,,1303.158,,,,
2008-07-06,2.01,1272.3325,5.8,14898.999,219.016,243.367
2008-07-13,,1252.716,,,,
2008-07-20,,1241.914,,,,
2008-07-27,,1265.898,,,,
2008-08-03,2.0,1261.904,6.1,,218.69,244.181
2008-08-10,,1277.094,,,,
2008-08-17,,1294.374,,,,
2008-08-24,,1277.95,,,,
2008-08-31,,1280.7040000000002,,,,
2008-09-07,1.81,1257.925,6.1,,218.877,244.926
2008-09-14,,1245.018,,,,
2008-09-21,,1204.854,,,,
2008-09-28,,1200.674,,,,
2008-10-05,0.97,1129.464,6.5,14608.209,216.995,245.855
2008-10-12,,969.4399999999999,,,,
2008-10-19,,959.2360000000001,,,,
2008-10-26,,924.4219999999999,,,,
2008-11-02,0.39,928.472,6.8,,213.153,246.681
2008-11-09,,952.1379999999999,,,,
2008-11-16,,891.008,,,,
2008-11-23,,813.784,,,,
2008-11-30,,873.28,,,,
2008-12-07,0.16,851.4100000000001,7.3,,211.398,247.278
2008-12-14,,890.186,,,,
2008-12-21,,891.866,,,,
2008-12-28,,868.935,,,,
2009-01-04,0.15,898.7774999999999,7.8,14430.902,211.933,247.974
2009-01-11,,913.7760000000001,,,,
2009-01-18,,855.7059999999999,,,,
2009-01-25,,826.2275,,,,
2009-02-01,0.22,845.4780000000001,8.3,,212.705,248.305
2009-02-08,,842.126,,,,
2009-02-15,,838.564,,,,
2009-02-22,,781.645,,,,
2009-03-01,0.18,753.858,8.7,,212.495,248.639
2009-03-08,,695.1899999999999,,,,
2009-03-15,,724.9559999999999,,,,
2009-03-22,,775.788,,,,
2009-03-29,,818.344,,,,
2009-04-05,0.15,814.672,9.0,14381.236,212.709,248.899
2009-04-12,,833.1875,,,,
2009-04-19,,857.4379999999999,,,,
2009-04-26,,848.8340000000001,,,,
2009-05-03,0.18,867.3279999999999,9.4,,213.022,249.069
2009-05-10,,913.4379999999999,,,,
2009-05-17,,895.492,,,,
2009-05-24,,899.3280000000001,,,,
2009-05-31,,907.34,,,,
2009-06-07,0.21,940.384,9.5,,214.79,249.092
2009-06-14,,942.3639999999999,,,,
2009-06-21,,917.2,,,,
2009-06-28,,905.6479999999999,,,,
2009-07-05,0.16,916.575,9.5,14448.882,214.726,248.994
2009-07-12,,884.2239999999999,,,,
2009-07-19,,924.1379999999999,,,,
2009-07-26,,963.066,,,,
2009-08-02,0.16,982.2360000000001,9.6,,215.445,249.029
2009-08-09,,1003.7120000000001,,,,
2009-08-16,,1004.816,,,,
2009-08-23,,999.8720000000001,,,,
2009-08-30,,1028.3200000000002,,,,
2009-09-06,0.15,1006.61,9.8,,215.861,248.965
2009-09-13,,1036.4075,,,,
2009-09-20,,1060.904,,,,
2009-09-27,,1058.47,,,,
2009-10-04,0.12,1047.146,10.0,14651.249,216.509,248.888
2009-10-11,,1057.946,,,,
2009-10-18,,1085.1280000000002,,,,
2009-10-25,,1088.576,,,,
2009-11-01,0.12,1055.058,9.9,,217.234,248.886
2009-11-08,,1054.144,,,,
2009-11-15,,1093.0639999999999,,,,
2009-11-22,,1103.1399999999999,,,,
2009-11-29,,1103.5025,,,,
2009-12-06,0.12,1103.926,9.9,,217.347,248.999
2009-12-13,,1099.98,,,,
2009-12-20,,1105.9540000000002,,,,
2009-12-27,,1119.7849999999999,,,,
2010-01-03,0.11,1123.875,9.8,14764.61,217.488,249.144
2010-01-10,,1138.664,,,,
2010-01-17,,1142.674,,,,
2010-01-24,,1124.1275,,,,
2010-01-31,,1088.97,,,,
2010-02-07,0.13,1083.818,9.8,,217.281,249.017
2010-02-14,,1069.874,,,,
2010-02-21,,1102.575,,,,
2010-02-28,,1103.056,,,,
2010-03-07,0.16,1122.896,9.9,,217.353,249.089
2010-03-14,,1144.958,,,,
2010-03-21,,1160.382,,,,
2010-03-28,,1168.0040000000001,,,,
2010-04-04,0.2,1173.505,9.9,14980.193,217.403,249.012
2010-04-11,,1188.028,,,,
2010-04-18,,1201.6460000000002,,,,
2010-04-25,,1207.316,,,,
2010-05-02,0.2,1196.118,9.6,,217.29,248.925
2010-05-09,,1156.158,,,,
2010-05-16,,1156.0620000000001,,,,
2010-05-23,,1106.414,,,,
2010-05-30,,1081.6200000000001,,,,
2010-06-06,0.18,1084.2,9.4,,217.199,248.999
2010-06-13,,1069.3200000000002,,,,
2010-06-20,,1110.604,,,,
2010-06-27,,1090.2,,,,
2010-07-04,0.18,1039.294,9.4,15141.607,217.605,249.126
2010-07-11,,1059.135,,,,
2010-07-18,,1086.124,,,,
2010-07-25,,1084.1299999999999,,,,
2010-08-01,0.19,1107.6219999999998,9.5,,217.923,249.024
2010-08-08,,1124.202,,,,
2010-08-15,,1100.236,,,,
2010-08-22,,1082.68,,,,
2010-08-29,,1057.274,,,,
2010-09-05,0.19,1074.6299999999999,9.5,,218.275,249.368
2010-09-12,,1101.11,,,,
2010-09-19,,1123.664,,,,
2010-09-26,,1138.054,,,,
2010-10-03,0.19,1144.4060000000002,9.4,15309.474,219.035,249.618
2010-10-10,,1156.192,,,,
2010-10-17,,1172.638,,,,
2010-10-24,,1178.424,,,,
2010-10-31,,1184.15,,,,
2010-11-07,0.19,1204.5639999999999,9.8,,219.59,250.317
2010-11-14,,1213.622,,,,
2010-11-21,,1190.22,,,,
2010-11-28,,1191.58,,,,
2010-12-05,0.18,1204.124,9.3,,220.472,250.986
2010-12-12,,1229.71,,,,
2010-12-19,,1240.812,,,,
2010-12-26,,1254.3225,,,,
2011-01-02,0.17,1258.27,9.1,15351.448,221.187,251.555
2011-01-09,,1272.7959999999998,,,,
2011-01-16,,1281.438,,,,
2011-01-23,,1285.1375,,,,
2011-01-30,,1290.906,,,,
2011-02-06,0.16,1303.1419999999998,9.0,,221.898,251.829
2011-02-13,,1323.104,,,,
2011-02-20,,1336.018,,,,
2011-02-27,,1312.205,,,,
2011-03-06,0.14,1318.8220000000001,9.0,,223.046,252.145
2011-03-13,,1310.272,,,,
2011-03-20,,1277.612,,,,
2011-03-27,,1302.6299999999999,,,,
2011-04-03,0.1,1323.226,9.1,15557.539,224.093,252.221
2011-04-10,,1332.544,,,,
2011-04-17,,1317.4460000000001,,,,
2011-04-24,,1321.375,,,,
2011-05-01,0.09,1352.4479999999999,9.0,,224.806,252.393
2011-05-08,,1348.092,,,,
2011-05-15,,1346.3899999999999,,,,
2011-05-22,,1335.2,,,,
2011-05-29,,1322.182,,,,
2011-06-05,0.09,1318.2125,9.1,,224.806,252.592
2011-06-12,,1282.1299999999999,,,,
2011-06-19,,1272.852,,,,
2011-06-26,,1282.594,,,,
2011-07-03,0.07,1308.898,9.0,15647.68,225.395,253.085
2011-07-10,,1343.53,,,,
2011-07-17,,1315.172,,,,
2011-07-24,,1329.366,,,,
2011-07-31,,1313.442,,,,
2011-08-07,0.1,1240.156,9.0,,226.106,254.003
2011-08-14,,1152.84,,,,
2011-08-21,,1171.0639999999999,,,,
2011-08-28,,1159.968,,,,
2011-09-04,0.08,1204.056,9.0,,226.597,254.628
2011-09-11,,1175.9975,,,,
2011-09-18,,1189.788,,,,
2011-09-25,,1167.786,,,,
2011-10-02,0.07,1156.242,8.8,15842.259,226.75,255.651
2011-10-09,,1137.528,,,,
2011-10-16,,1205.184,,,,
2011-10-23,,1217.952,,,,
2011-10-30,,1258.984,,,,
2011-11-06,0.08,1244.7720000000002,8.6,,227.169,256.367
2011-11-13,,1253.9360000000001,,,,
2011-11-20,,1235.6560000000002,,,,
2011-11-27,,1175.37,,,,
2011-12-04,0.07,1224.712,8.5,,227.223,257.189
2011-12-11,,1253.22,,,,
2011-12-18,,1221.886,,,,
2011-12-25,,1241.94,,,,
2012-01-01,0.08,1258.9225000000001,8.3,16068.805,227.842,257.714
2012-01-08,,1278.3075,,,,
2012-01-15,,1289.97,,,,
2012-01-22,,1307.8975,,,,
2012-01-29,,1318.292,,,,
2012-02-05,0.1,1323.99,8.3,,228.329,258.184
2012-02-12,,1347.1860000000001,,,,
2012-02-19,,1352.9540000000002,,,,
2012-02-26,,1362.2675,,,,
2012-03-04,0.13,1369.834,8.2,,228.807,258.569
2012-03-11,,1359.42,,,,
2012-03-18,,1393.618,,,,
2012-03-25,,1401.6100000000001,,,,
2012-04-01,0.14,1409.264,8.2,16207.115,229.187,258.922
2012-04-08,,1407.365,,,,
2012-04-15,,1373.466,,,,
2012-04-22,,1380.188,,,,
2012-04-29,,1386.5880000000002,,,,
2012-05-06,0.16,1393.342,8.2,,228.713,259.231
2012-05-13,,1359.852,,,,
2012-05-20,,1318.7779999999998,,,,
2012-05-27,,1317.9959999999999,,,,
2012-06-03,0.16,1308.5275,8.2,,228.524,259.407
2012-06-10,,1303.892,,,,
2012-06-17,,1323.986,,,,
2012-06-24,,1343.7959999999998,,,,
2012-07-01,0.16,1331.352,8.2,16319.541,228.59,260.107
2012-07-08,,1365.4475,,,,
2012-07-15,,1345.384,,,,
2012-07-22,,1365.852,,,,
2012-07-29,,1354.542,,,,
2012-08-05,0.13,1379.15,8.1,,229.918,260.677
2012-08-12,,1401.2939999999999,,,,
2012-08-19,,1409.4479999999999,,,,
2012-08-26,,1411.6,,,,
2012-09-02,0.14,1407.258,7.8,,231.015,261.421
2012-09-09,,1419.605,,,,
2012-09-16,,1444.992,,,,
2012-09-23,,1460.394,,,,
2012-09-30,,1443.924,,,,
2012-10-07,0.16,1452.712,7.8,16420.419,231.638,262.707
2012-10-14,,1438.27,,,,
2012-10-21,,1449.298,,,,
2012-10-28,,1416.118,,,,
2012-11-04,0.16,1417.9833333333333,7.7,,231.249,263.365
2012-11-11,,1399.508,,,,
2012-11-18,,1364.652,,,,
2012-11-25,,1393.72,,,,
2012-12-02,0.16,1409.458,7.9,,231.221,264.098
2012-12-09,,1411.56,,,,
2012-12-16,,1421.58,,,,
2012-12-23,,1437.3600000000001,,,,
2012-12-30,,1416.755,,,,
2013-01-06,0.14,1453.6125,8.0,16648.189,231.679,264.7
2013-01-13,,1464.846,,,,
2013-01-20,,1476.514,,,,
2013-01-27,,1496.2875,,,,
2013-02-03,0.15,1504.252,7.7,,232.937,265.256
2013-02-10,,1509.288,,,,
2013-02-17,,1519.5880000000002,,,,
2013-02-24,,1515.2275,,,,
2013-03-03,0.14,1506.732,7.5,,232.282,265.821
2013-03-10,,1540.3780000000002,,,,
2013-03-17,,1557.4299999999998,,,,
2013-03-24,,1552.368,,,,
2013-03-31,,1561.875,,,,
2013-04-07,0.15,1559.874,7.6,16728.687,231.797,265.984
2013-04-14,,1580.3259999999998,,,,
2013-04-21,,1555.1599999999999,,,,
2013-04-28,,1577.4940000000001,,,,
2013-05-05,0.11,1597.1779999999999,7.5,,231.893,266.559
2013-05-12,,1627.304,,,,
2013-05-19,,1652.166,,,,
2013-05-26,,1658.182,,,,
2013-06-02,0.09,1648.3925,7.5,,232.445,266.905
2013-06-09,,1629.328,,,,
2013-06-16,,1628.91,,,,
2013-06-23,,1620.08,,,,
2013-06-30,,1596.772,,,,
2013-07-07,0.09,1619.085,7.3,16953.838,232.9,267.482
2013-07-14,,1660.122,,,,
2013-07-21,,1684.2259999999999,,,,
2013-07-28,,1691.152,,,,
2013-08-04,0.08,1694.712,7.2,,233.456,268.505
2013-08-11,,1696.864,,,,
2013-08-18,,1677.234,,,,
2013-08-25,,1652.334,,,,
2013-09-01,0.08,1638.672,7.2,,233.544,269.137
2013-09-08,,1650.775,,,,
2013-09-15,,1683.248,,,,
2013-09-22,,1712.0259999999998,,,,
2013-09-29,,1696.4900000000002,,,,
2013-10-06,0.09,1687.916,7.2,17192.019,233.669,269.96
2013-10-13,,1676.7459999999999,,,,
2013-10-20,,1721.4779999999998,,,,
2013-10-27,,1751.5099999999998,,,,
2013-11-03,0.08,1763.11,6.9,,234.1,270.698
2013-11-10,,1763.83,,,,
2013-11-17,,1782.0760000000002,,,,
2013-11-24,,1792.2759999999998,,,,
2013-12-01,0.09,1804.5675,6.7,,234.719,271.688
2013-12-08,,1795.7959999999998,,,,
2013-12-15,,1788.8059999999998,,,,
2013-12-22,,1801.2220000000002,,,,
2013-12-29,,1836.1825,,,,
2014-01-05,0.07,1838.195,6.6,17197.738,235.288,272.317
2014-01-12,,1836.5279999999998,,,,
2014-01-19,,1838.2100000000003,,,,
2014-01-26,,1826.8525,,,,
2014-02-02,0.07,1785.0080000000003,6.7,,235.547,272.733
2014-02-09,,1763.836,,,,
2014-02-16,,1821.462,,,,
2014-02-23,,1836.385,,,,
2014-03-02,0.08,1850.3259999999998,6.7,,236.028,273.486
2014-03-09,,1869.7040000000002,,,,
2014-03-16,,1860.0940000000003,,,,
2014-03-23,,1866.4333333333334,,,,
2014-03-30,,1856.4559999999997,,,,
2014-04-06,0.09,1880.524,6.2,17518.508,236.468,274.1
2014-04-13,,1843.5900000000001,,,,
2014-04-20,,1850.1875,,,,
2014-04-27,,1873.768,,,,
2014-05-04,0.09,1879.306,6.3,,236.918,274.71
2014-05-11,,1876.94,,,,
2014-05-18,,1886.268,,,,
2014-05-25,,1887.792,,,,
2014-06-01,0.1,1916.3225,6.1,,237.231,275.321
2014-06-08,,1933.398,,,,
2014-06-15,,1942.444,,,,
2014-06-22,,1951.8200000000002,,,,
2014-06-29,,1958.06,,,,
2014-07-06,0.09,1973.4025,6.2,17804.228,237.498,276.248
2014-07-13,,1969.288,,,,
2014-07-20,,1973.658,,,,
2014-07-27,,1982.098,,,,
2014-08-03,0.09,1954.95,6.1,,237.46,277.048
2014-08-10,,1924.1200000000001,,,,
2014-08-17,,1945.5260000000003,,,,
2014-08-24,,1984.1239999999998,,,,
2014-08-31,,1999.634,,,,
2014-09-07,0.09,2002.0900000000001,5.9,,237.477,277.998
2014-09-14,,1993.732,,,,
2014-09-21,,2001.288,,,,
2014-09-28,,1984.8400000000001,,,,
2014-10-05,0.09,1962.0639999999999,5.7,17912.079,237.43,278.985
2014-10-12,,1940.6299999999999,,,,
2014-10-19,,1872.89,,,,
2014-10-26,,1937.56,,,,
2014-11-02,0.09,1988.336,5.8,,236.983,280.123
2014-11-09,,2023.3220000000001,,,,
2014-11-16,,2039.068,,,,
2014-11-23,,2051.618,,,,
2014-11-30,,2069.2075,,,,
2014-12-07,0.12,2068.322,5.6,,236.252,280.874
2014-12-14,,2036.786,,,,
2014-12-21,,2021.4279999999999,,,,
2014-12-28,,2082.84,,,,
2015-01-04,0.11,2072.005,5.7,18063.529,234.747,281.572
2015-01-11,,2031.2079999999999,,,,
2015-01-18,,2014.9299999999998,,,,
2015-01-25,,2042.4099999999999,,,,
2015-02-01,0.11,2021.0080000000003,5.5,,235.342,282.389
2015-02-08,,2046.0759999999998,,,,
2015-02-15,,2073.866,,,,
2015-02-22,,2101.9425,,,,
2015-03-01,0.11,2110.848,5.4,,235.976,283.13
2015-03-08,,2099.2,,,,
2015-03-15,,2056.636,,,,
2015-03-22,,2090.468,,,,
2015-03-29,,2074.828,,,,
2015-04-05,0.12,2070.1949999999997,5.4,18279.784,236.222,283.598
2015-04-12,,2086.418,,,,
2015-04-19,,2096.214,,,,
2015-04-26,,2107.254,,,,
2015-05-03,0.12,2104.866,5.6,,237.001,284.245
2015-05-10,,2097.6400000000003,,,,
2015-05-17,,2109.352,,,,
2015-05-24,,2127.952,,,,
2015-05-31,,2113.965,,,,
2015-06-07,0.13,2104.814,5.3,,237.657,285.031
2015-06-14,,2093.52,,,,
2015-06-21,,2102.478,,,,
2015-06-28,,2111.886,,,,
2015-07-05,0.13,2068.7375,5.2,18401.626,238.034,286.09
2015-07-12,,2064.942,,,,
2015-07-19,,2113.3759999999997,,,,
2015-07-26,,2108.688,,,,
2015-08-02,0.14,2096.386,5.1,,238.033,287.068
2015-08-09,,2090.466,,,,
2015-08-16,,2089.846,,,,
2015-08-23,,2057.118,,,,
2015-08-30,,1935.5720000000001,,,,
2015-09-06,0.14,1941.4479999999999,5.0,,237.498,288.306
2015-09-13,,1956.1975,,,,
2015-09-20,,1974.932,,,,
2015-09-27,,1942.4099999999999,,,,
2015-10-04,0.12,1912.214,5.0,18435.137,237.733,289.428
2015-10-11,,1998.2240000000002,,,,
2015-10-18,,2014.4720000000002,,,,
2015-10-25,,2042.2060000000001,,,,
2015-11-01,0.12,2079.238,5.1,,238.017,290.322
2015-11-08,,2103.0559999999996,,,,
2015-11-15,,2060.862,,,,
2015-11-22,,2071.524,,,,
2015-11-29,,2088.6775,,,,
2015-12-06,0.24,2080.772,5.0,,237.761,291.204
2015-12-13,,2050.576,,,,
2015-12-20,,2037.172,,,,
2015-12-27,,2046.35,,,,
2016-01-03,0.34,2060.54,4.8,18525.933,237.652,292.004
2016-01-10,,1976.95,,,,
2016-01-17,,1910.9599999999998,,,,
2016-01-24,,1879.1375,,,,
2016-01-31,,1899.452,,,,
2016-02-07,0.38,1910.0880000000002,4.9,,237.336,292.777
2016-02-14,,1850.274,,,,
2016-02-21,,1914.5025,,,,
2016-02-28,,1939.264,,,,
2016-03-06,0.36,1978.084,5.0,,238.08,293.489
2016-03-13,,1996.4080000000001,,,,
2016-03-20,,2030.5919999999999,,,,
2016-03-27,,2043.5125,,,,
2016-04-03,0.37,2057.706,5.1,18711.702,238.992,294.175
2016-04-10,,2053.4939999999997,,,,
2016-04-17,,2069.928,,,,
2016-04-24,,2096.12,,,,
2016-05-01,0.37,2083.15,4.8,,239.557,295.036
2016-05-08,,2060.738,,,,
2016-05-15,,2063.652,,,,
2016-05-22,,2050.772,,,,
2016-05-29,,2080.7599999999998,,,,
2016-06-05,0.38,2100.17,4.9,,240.222,295.902
2016-06-12,,2110.442,,,,
2016-06-19,,2075.018,,,,
2016-06-26,,2081.666,,,,
2016-07-03,0.39,2061.8419999999996,4.8,18892.639,240.101,296.862
2016-07-10,,2104.02,,,,
2016-07-17,,2153.444,,,,
2016-07-24,,2168.778,,,,
2016-07-31,,2169.58,,,,
2016-08-07,0.4,2167.7560000000003,4.9,,240.545,297.916
2016-08-14,,2181.5919999999996,,,,
2016-08-21,,2184.282,,,,
2016-08-28,,2177.298,,,,
2016-09-04,0.4,2175.6580000000004,5.0,,241.176,298.962
2016-09-11,,2170.4375,,,,
2016-09-18,,2139.65,,,,
2016-09-25,,2156.774,,,,
2016-10-02,0.4,2159.3599999999997,4.9,19089.379,241.741,300.4
2016-10-09,,2157.186,,,,
2016-10-16,,2141.02,,,,
2016-10-23,,2138.578,,,,
2016-10-30,,2138.674,,,,
2016-11-06,0.41,2101.93,4.7,,242.026,301.587
2016-11-13,,2153.254,,,,
2016-11-20,,2178.1099999999997,,,,
2016-11-27,,2204.7974999999997,,,,
2016-12-04,0.54,2197.644,4.7,,242.637,302.735
2016-12-11,,2232.802,,,,
2016-12-18,,2260.4120000000003,,,,
2016-12-25,,2264.6440000000002,,,,
2017-01-01,0.65,2251.7225,4.7,19280.084,243.618,303.467
2017-01-08,,2268.64,,,,
2017-01-15,,2271.6400000000003,,,,
2017-01-22,,2268.6949999999997,,,,
2017-01-29,,2287.002,,,,
2017-02-05,0.66,2283.518,4.6,,244.006,304.211
2017-02-12,,2300.8559999999998,,,,
2017-02-19,,2342.692,,,,
2017-02-26,,2364.8375,,,,
2017-03-05,0.79,2378.8779999999997,4.4,,243.892,304.868
2017-03-12,,2368.83,,,,
2017-03-19,,2376.7619999999997,,,,
2017-03-26,,2351.176,,,,
2017-04-02,0.9,2358.4139999999998,4.4,19438.643,244.193,305.477
2017-04-09,,2356.996,,,,
2017-04-16,,2346.205,,,,
2017-04-23,,2346.78,,,,
2017-04-30,,2384.636,,,,
2017-05-07,0.91,2391.288,4.4,,244.004,306.379
2017-05-14,,2396.254,,,,
2017-05-21,,2381.494,,,,
2017-05-28,,2405.5440000000003,,,,
2017-06-04,1.04,2423.46,4.3,,244.163,307.314
2017-06-11,,2432.826,,,,
2017-06-18,,2434.654,,,,
2017-06-25,,2439.78,,,,
2017-07-02,1.15,2428.45,4.3,19692.595,244.243,308.173
2017-07-09,,2424.12,,,,
2017-07-16,,2440.662,,,,
2017-07-23,,2467.9139999999998,,,,
2017-07-30,,2474.478,,,,
2017-08-06,1.16,2474.642,4.4,,245.183,309.479
2017-08-13,,2461.876,,,,
2017-08-20,,2450.824,,,,
2017-08-27,,2441.388,,,,
2017-09-03,1.15,2459.266,4.3,,246.435,310.268
2017-09-10,,2462.48,,,,
2017-09-17,,2495.7619999999997,,,,
2017-09-24,,2504.316,,,,
2017-10-01,1.15,2505.9919999999997,4.2,20037.088,246.626,311.501
2017-10-08,,2540.568,,,,
2017-10-15,,2550.942,,,,
2017-10-22,,2563.114,,,,
2017-10-29,,2566.546,,,,
2017-11-05,1.16,2579.028,4.2,,247.284,312.67
2017-11-12,,2588.614,,,,
2017-11-19,,2578.564,,,,
2017-11-26,,2595.1675,,,,
2017-12-03,1.3,2628.866,4.1,,247.805,313.904
2017-12-10,,2637.352,,,,
2017-12-17,,2662.954,,,,
2017-12-24,,2683.7580000000003,,,,
2017-12-31,,2681.0675,,,,
2018-01-07,1.41,2719.0025,4.0,20328.553,248.859,314.788
2018-01-14,,2760.2059999999997,,,,
2018-01-21,,2796.8275000000003,,,,
2018-01-28,,2844.352,,,,
2018-02-04,1.42,2816.7760000000003,4.1,,249.529,315.277
2018-02-11,,2645.2580000000003,,,,
2018-02-18,,2696.198,,,,
2018-02-25,,2717.2125,,,,
2018-03-04,1.51,2721.326,4.0,,249.577,315.883
2018-03-11,,2740.2799999999997,,,,
2018-03-18,,2759.43,,,,
2018-03-25,,2674.748,,,,
2018-04-01,1.69,2629.26,4.0,20580.912,250.227,316.763
2018-04-08,,2621.666,,,,
2018-04-15,,2646.502,,,,
2018-04-22,,2691.228,,,,
2018-04-29,,2656.2200000000003,,,,
2018-05-06,1.7,2646.334,3.8,,250.792,317.49
2018-05-13,,2698.626,,,,
2018-05-20,,2719.428,,,,
2018-05-27,,2727.966,,,,
2018-06-03,1.82,2713.44,4.0,,251.018,318.318
2018-06-10,,2763.484,,,,
2018-06-17,,2781.326,,,,
2018-06-24,,2761.6600000000003,,,,
2018-07-01,1.91,2714.888,3.8,20798.73,251.214,319.351
2018-07-08,,2734.09,,,,
2018-07-15,,2790.326,,,,
2018-07-22,,2805.984,,,,
2018-07-29,,2825.942,,,,
2018-08-05,1.91,2819.964,3.8,,251.663,320.651
2018-08-12,,2850.682,,,,
2018-08-19,,2834.216,,,,
2018-08-26,,2862.7,,,,
2018-09-02,1.95,2902.19,3.7,,252.182,321.533
2018-09-09,,2883.7625,,,,
2018-09-16,,2892.62,,,,
2018-09-23,,2912.296,,,,
2018-09-30,,2913.776,,,,
2018-10-07,2.19,2912.1420000000003,3.8,20917.867,252.772,322.628
2018-10-14,,2809.19,,,,
2018-10-21,,2781.296,,,,
2018-10-28,,2703.386,,,,
2018-11-04,2.2,2699.81,3.8,,252.594,323.968
2018-11-11,,2779.098,,,,
2018-11-18,,2723.29,,,,
2018-11-25,,2653.7775,,,,
2018-12-02,2.27,2719.468,3.9,,252.767,324.815
2018-12-09,,2704.865,,,,
2018-12-16,,2635.212,,,,
2018-12-23,,2496.62,,,,
2018-12-30,,2448.3424999999997,,,,
2019-01-06,2.4,2499.1775,4.0,21104.133,252.561,325.597
2019-01-13,,2580.392,,,,
2019-01-20,,2623.136,,,,
2019-01-27,,2644.6725,,,,
2019-02-03,2.4,2675.106,3.8,,253.319,326.351
2019-02-10,,2721.6220000000003,,,,
2019-02-17,,2745.778,,,,
2019-02-24,,2783.0025,,,,
2019-03-03,2.41,2794.114,3.8,,254.277,327.513
2019-03-10,,2769.182,,,,
2019-03-17,,2803.34,,,,
2019-03-24,,2829.066,,,,
2019-03-31,,2814.406,,,,
2019-04-07,2.42,2875.9919999999997,3.7,21384.775,255.233,328.678
2019-04-14,,2891.582,,,,
2019-04-21,,2904.5299999999997,,,,
2019-04-28,,2926.9900000000002,,,,
2019-05-05,2.39,2935.15,3.6,,255.296,329.333
2019-05-12,,2889.612,,,,
2019-05-19,,2846.618,,,,
2019-05-26,,2841.832,,,,
2019-06-02,2.38,2781.5825,3.6,,255.213,330.648
2019-06-09,,2818.1400000000003,,,,
2019-06-16,,2886.182,,,,
2019-06-23,,2927.704,,,,
2019-06-30,,2928.638,,,,
2019-07-07,2.4,2980.8925,3.7,21694.282,255.802,331.605
2019-07-14,,2992.466,,,,
2019-07-21,,2994.8959999999997,,,,
2019-07-28,,3007.918,,,,
2019-08-04,2.13,2980.028,3.6,,256.036,332.638
2019-08-11,,2893.446,,,,
2019-08-18,,2877.3900000000003,,,,
2019-08-25,,2903.73,,,,
2019-09-01,2.04,2897.304,3.5,,256.43,333.834
2019-09-08,,2949.69,,,,
2019-09-15,,2995.142,,,,
2019-09-22,,3001.85,,,,
2019-09-29,,2976.532,,,,
2019-10-06,1.83,2933.448,3.6,21902.39,257.155,334.68
2019-10-13,,2931.93,,,,
2019-10-20,,2987.134,,,,
2019-10-27,,3008.014,,,,
2019-11-03,1.55,3045.5099999999998,3.6,,257.879,335.819
2019-11-10,,3081.5860000000002,,,,
2019-11-17,,3097.996,,,,
2019-11-24,,3112.9,,,,
2019-12-01,1.55,3142.1925,3.6,,258.63,336.789
2019-12-08,,3116.634,,,,
2019-12-15,,3149.496,,,,
2019-12-22,,3200.3399999999997,,,,
2019-12-29,,3231.83,,,,
2020-01-05,1.55,3236.1925,3.6,21706.513,258.906,337.825
2020-01-12,,3255.312,,,,
2020-01-19,,3301.4,,,,
2020-01-26,,3315.8875,,,,
2020-02-02,1.58,3260.4900000000002,3.5,,259.246,338.616
2020-02-09,,3310.9380000000006,,,,
2020-02-16,,3368.678,,,,
2020-02-23,,3366.855,,,,
2020-03-01,0.65,3080.694,4.4,,258.15,339.519
2020-03-08,,3044.006,,,,
2020-03-15,,2712.366,,,,
2020-03-22,,2405.546,,,,
2020-03-29,,2466.366,,,,
2020-04-05,0.05,2539.458,14.8,19913.143,256.126,340.135
2020-04-12,,2715.7225,,,,
2020-04-19,,2813.032,,,,
2020-04-26,,2798.714,,,,
2020-05-03,0.05,2884.904,13.2,,255.848,340.811
2020-05-10,,2874.118,,,,
2020-05-17,,2867.328,,,,
2020-05-24,,2950.484,,,,
2020-05-31,,3025.485,,,,
2020-06-07,0.08,3113.1400000000003,11.0,,257.004,341.294
2020-06-14,,3134.624,,,,
2020-06-21,,3103.58,,,,
2020-06-28,,3078.458,,,,
2020-07-05,0.09,3099.85,10.2,21647.64,258.408,341.95
2020-07-12,,3166.4139999999998,,,,
2020-07-19,,3203.92,,,,
2020-07-26,,3247.29,,,,
2020-08-02,0.1,3246.7259999999997,8.4,,259.366,342.444
2020-08-09,,3325.8660000000004,,,,
2020-08-16,,3364.1580000000004,,,,
2020-08-23,,3385.858,,,,
2020-08-30,,3469.2380000000003,,,,
2020-09-06,0.09,3497.964,7.8,,259.951,342.91
2020-09-13,,3352.74,,,,
2020-09-20,,3369.3419999999996,,,,
2020-09-27,,3275.7200000000003,,,,
2020-10-04,0.09,3355.862,6.8,22024.502,260.249,343.615
2020-10-11,,3422.5979999999995,,,,
2020-10-18,,3500.3940000000002,,,,
2020-10-25,,3444.8959999999997,,,,
2020-11-01,0.09,3328.55,6.7,,260.895,344.039
2020-11-08,,3428.546,,,,
2020-11-15,,3558.1699999999996,,,,
2020-11-22,,3588.728,,,,
2020-11-29,,3620.25,,,,
2020-12-06,0.09,3663.786,6.7,,262.005,344.455
2020-12-13,,3679.718,,,,
2020-12-20,,3695.0339999999997,,,,
2020-12-27,,3693.8125,,,,
2021-01-03,0.09,3737.6275,6.4,22600.185,262.518,344.758
2021-01-10,,3760.8239999999996,,,,
2021-01-17,,3794.886,,,,
2021-01-24,,3836.325,,,,
2021-01-31,,3791.4739999999997,,,,
2021-02-07,0.08,3837.782,6.2,,263.583,345.242
2021-02-14,,3917.582,,,,
2021-02-21,,3921.15,,,,
2021-02-28,,3864.7580000000003,,,,
2021-03-07,0.07,3840.4479999999994,6.1,,264.91,345.717
2021-03-14,,3895.656,,,,
2021-03-21,,3946.8660000000004,,,,
2021-03-28,,3924.862,,,,
2021-04-04,0.07,3980.6,6.1,23292.362,266.752,346.267
2021-04-11,,4091.554,,,,
2021-04-18,,4150.026,,,,
2021-04-25,,4157.354,,,,
2021-05-02,0.06,4190.032,5.8,,268.452,347.016
2021-05-09,,4191.826,,,,
2021-05-16,,4137.984,,,,
2021-05-23,,4144.356,,,,
2021-05-30,,4197.232,,,,
2021-06-06,0.08,4208.225,5.9,,270.664,347.833
2021-06-13,,4231.99,,,,
2021-06-20,,4222.75,,,,
2021-06-27,,4252.052,,,,
2021-07-04,0.1,4310.438,5.4,23828.973,271.994,348.469
2021-07-11,,4348.01,,,,
2021-07-18,,4363.066000000001,,,,
2021-07-25,,4343.902,,,,
2021-08-01,0.09,4407.762000000001,5.1,,272.789,349.71
2021-08-08,,4415.718,,,,
2021-08-15,,4449.126,,,,
2021-08-22,,4435.106,,,,
2021-08-29,,4488.264,,,,
2021-09-05,0.08,4529.588000000001,4.7,,273.887,351.255
2021-09-12,,4496.49,,,,
2021-09-19,,4459.844,,,,
2021-09-26,,4402.4039999999995,,,,
2021-10-03,0.08,4363.956,4.5,24654.603,276.434,352.892
2021-10-10,,4360.166,,,,
2021-10-17,,4397.054,,,,
2021-10-24,,4527.392,,,,
2021-10-31,,4578.95,,,,
2021-11-07,0.08,4656.496,4.1,,278.799,354.526
2021-11-14,,4673.156,,,,
2021-11-21,,4694.974,,,,
2021-11-28,,4667.43,,,,
2021-12-05,0.08,4570.168,3.9,,280.808,355.931
2021-12-12,,4671.82,,,,
2021-12-19,,4660.444,,,,
2021-12-26,,4659.9,,,,
2022-01-02,0.08,4783.102000000001,4.0,25029.116,282.39,357.737
2022-01-09,,4732.752,,,,
2022-01-16,,4686.318,,,,
2022-01-23,,4497.635,,,,
2022-01-30,,4374.974,,,,
2022-02-06,0.08,4525.888,3.8,,284.535,359.627
2022-02-13,,4503.062,,,,
2022-02-20,,4415.376,,,,
2022-02-27,,4300.9025,,,,
2022-03-06,0.2,4351.82,3.6,,287.553,361.083
2022-03-13,,4222.7,,,,
2022-03-20,,4333.642,,,,
2022-03-27,,4498.45,,,,
2022-04-03,0.33,4577.168,3.7,25544.273,288.764,362.951
2022-04-10,,4515.4800000000005,,,,
2022-04-17,,4412.29,,,,
2022-04-24,,4395.758,,,,
2022-05-01,0.77,4214.942,3.6,,291.359,365.116
2022-05-08,,4180.248,,,,
2022-05-15,,3976.2879999999996,,,,
2022-05-22,,3964.5379999999996,,,,
2022-05-29,,4022.0080000000003,,,,
2022-06-05,1.21,4129.6849999999995,3.6,,294.996,367.927
2022-06-12,,4063.3120000000004,,,,
2022-06-19,,3723.3419999999996,,,,
2022-06-26,,3808.0375,,,,
2022-07-03,1.68,3830.2400000000002,3.5,25994.639,294.977,370.448
2022-07-10,,3869.6175,,,,
2022-07-17,,3825.71,,,,
2022-07-24,,3937.6040000000003,,,,
2022-07-31,,4022.844,,,,
2022-08-07,2.33,4132.424,3.6,,295.209,373.283
2022-08-14,,4192.0380000000005,,,,
2022-08-21,,4277.719999999999,,,,
2022-08-28,,4132.854,,,,
2022-09-04,2.56,3972.576,3.5,,296.341,376.569
2022-09-11,,3990.4,,,,
2022-09-18,,3952.7580000000003,,,,
2022-09-25,,3799.3940000000002,,,,
2022-10-02,3.08,3649.4919999999997,3.6,26408.405,297.863,379.436
2022-10-09,,3727.364,,,,
2022-10-16,,3606.2480000000005,,,,
2022-10-23,,3702.3239999999996,,,,
2022-10-30,,3839.082,,,,
2022-11-06,3.78,3795.642,3.6,,298.648,382.562
2022-11-13,,3866.5559999999996,,,,
2022-11-20,,3963.9339999999997,,,,
2022-11-27,,4001.725,,,,
2022-12-04,4.1,4029.9900000000002,3.5,,298.812,385.649
2022-12-11,,3954.382,,,,
2022-12-18,,3950.728,,,,
2022-12-25,,3836.986,,,,
2023-01-01,4.33,3825.3125,3.4,26813.601,300.356,388.372
2023-01-08,,3845.0724999999998,,,,
2023-01-15,,3952.642,,,,
2023-01-22,,3947.8225,,,,
2023-01-29,,4036.7940000000003,,,,
2023-02-05,4.57,4105.964,3.6,,301.509,391.141
2023-02-12,,4112.9800000000005,,,,
2023-02-19,,4118.104,,,,
2023-02-26,,3992.6875,,,,
2023-03-05,4.65,3986.154,3.5,,301.744,392.91
2023-03-12,,3961.3419999999996,,,,
2023-03-19,,3908.78,,,,
2023-03-26,,3962.2239999999997,,,,
2023-04-02,4.83,4027.35,3.4,27063.012,303.032,394.898
2023-04-09,,4105.1275000000005,,,,
2023-04-16,,4118.772,,,,
2023-04-23,,4144.804,,,,
2023-04-30,,4113.897999999999,,,,
2023-05-07,5.06,4115.134,3.7,,303.365,396.726
2023-05-14,,4129.926,,,,
2023-05-21,,4158.996,,,,
2023-05-28,,4162.036,,,,
2023-06-04,5.08,4222.185,3.6,,304.003,398.593
2023-06-11,,4283.59,,,,
2023-06-18,,4383.192,,,,
2023-06-25,,4371.155,,,,
2023-07-02,5.12,4386.182,3.5,27610.128,304.628,400.21
2023-07-09,,4428.2375,,,,
2023-07-16,,4467.282,,,,
2023-07-23,,4542.9400000000005,,,,
2023-07-30,,4561.697999999999,,,,
2023-08-06,5.33,4531.8,3.8,,306.187,402.247
2023-08-13,,4483.682,,,,
2023-08-20,,4414.396,,,,
2023-08-27,,4401.070000000001,,,,
2023-09-03,5.33,4493.848,3.8,,307.288,404.487
2023-09-10,,4467.735,,,,
2023-09-17,,4474.444,,,,
2023-09-24,,4389.947999999999,,,,
2023-10-01,5.33,4294.646,3.8,27944.627,307.531,406.683
2023-10-08,,4269.656,,,,
2023-10-15,,4349.647999999999,,,,
2023-10-22,,4312.718,,,,
2023-10-29,,4181.218,,,,
2023-11-05,5.33,4254.92,3.7,,308.024,408.838
2023-11-12,,4377.946,,,,
2023-11-19,,4486.478,,,,
2023-11-26,,4550.3825,,,,
2023-12-03,5.33,4563.666,3.7,,308.742,410.606
2023-12-10,,4575.252,,,,
2023-12-17,,4682.394,,,,
2023-12-24,,4741.732,,,,
2023-12-31,,4777.3775000000005,,,,
2024-01-07,5.33,4708.39,3.7,,309.685,412.019
2024-01-14,,4773.512,,,,
2024-01-21,,4781.485,,,,
2024-01-28,,4873.742,,,,
2024-02-04,5.33,4912.67,3.9,,311.054,413.695
2024-02-11,,4983.324,,,,
2024-02-18,,5002.186,,,,
2024-02-25,,5033.285,,,,
2024-03-03,,5090.164,,,,
2024-03-10,,5119.082,,,,
2024-03-17,,5145.218,,,,
2024-03-24,,5149.42,,,,
